"namei_j","addressiZj","Latitudeiܓxj","Longitudeioxj","OpenDataipĂI[vf[^j"
"͘acӂs","I]sܒ40-1-2izO`YƉق̌j","35.953214","136.274188","_Y"
"TrA","I]sc25-12-1","35.947239","136.149541","_Y"
"ӂ̂Ƃs","I]s{8-3-1(JAȂI]kxXj","35.984404","136.168622","_Y"
"O[H@","I]sHiJAȂ_qɋ߂j","35.972353","136.181502","_Y"
"N{^t@[","I]s䒬48-8-1","35.96037","136.169228","_Y"
"C_","I]s莟iscZ莟cn߂j","35.934391","136.193829","_Y"
"Vg","I]sV","35.941749","136.203947","_Y"
"P͓n","I]s͓19-37-2","35.948116","136.301096","_Y"
"{{","I]s{O2ځE쓇","35.948229","136.224503","_Y"
"畆ȃNjbN","I]sI]1-3-15","35.946116","136.196369","I]s̕a@ꗗ"
"ɗ^`O","I]sK2-5-3","35.977441","136.181539","I]s̕a@ꗗ"
"@","I]s͘ac28-1-1","35.94812","136.27157","I]s̕a@ꗗ"
"Ywl","I]s1-4-21","35.961862","136.181998","I]s̕a@ꗗ"
"J}JY@","I]s̏o5-4","35.942807","136.186888","I]s̕a@ꗗ"
"ؐ@","I]s1-9-1","35.943601","136.186791","I]s̕a@ꗗ"
"ؑa@","I]s4-4-9","35.948817","136.186746","I]s̕a@ꗗ"
"I]ðݕa@","I]s4-9-10","35.950113","136.188253","I]s̕a@ꗗ"
"݂ǂ胖ua@","I]sOZ1-2-6","35.968746","136.177315","I]s̕a@ꗗ"
"ނȈ@","I]s쒬257-3-7","35.948096","136.220716","I]s̕a@ꗗ"
"ڂNjbN","I]s30-2-1","35.972471","136.174702","I]s̕a@ꗗ"
"܂ƊȃNjbN","I]sI]1-4-23","35.945306","136.195943","I]s̕a@ꗗ"
"Ȉ@","I]s2-8-22","35.946748","136.179748","I]s̕a@ꗗ"
"","I]sK1-2-12","35.973851","136.181035","I]s̕a@ꗗ"
"K","I]sK1-4-10","35.974711","136.181142","I]s̕a@ꗗ"
"Oa@","I]sOZ1-2-31","35.970091","136.178085","I]s̕a@ꗗ"
"֓@","I]s{3-1-25","35.947058","136.186145","I]s̕a@ꗗ"
"֓a@","I]s쒬6-1-1","35.944846","136.20646","I]s̕a@ꗗ"
"iNjbN","I]s쒬56-10","35.953516","136.205762","I]s̕a@ꗗ"
"c`OȈ@","I]sܘYے253","35.933332","136.190758","I]s̕a@ꗗ"
"I]","I]s2-1-25","35.945332","136.188422","I]s̕a@ꗗ"
"I]@AȈ@","I]s{4-1-28","35.948411","136.186016","I]s̕a@ꗗ"
"畆ȗ؈@","I]s򎛒1-8-36","35.951896","136.186265","I]s̕a@ꗗ"
"Ywlȗ؃NjbN","I]sI]4-2-23","35.947986","136.19793","I]s̕a@ꗗ"
"@","I]s͘ac20-4-1","35.951088","136.272879","I]s̕a@ꗗ"
"a@","I]sK1-2-2","35.973139","136.181137","I]s̕a@ꗗ"
"͂ȕwlȈ@","I]s3-11-28","35.95638","136.17402","I]s̕a@ꗗ"
"Ja@","I]s{4-3-14","35.949809","136.184916","I]s̕a@ꗗ"
"ÓcNjbN","I]s䒬43-1","35.957925","136.168611","I]s̕a@ꗗ"
"y@","I]s3-6-2","35.946463","136.186713","I]s̕a@ꗗ"
"y@AȃNjbN","I]sOZ2-4-15","35.972653","136.17923","I]s̕a@ꗗ"
"KȈݒȈ@","I]sH2-4-16","35.988821","136.188419","I]s̕a@ꗗ"
"͂₵NjbN","I]s2-26-28","35.963266","136.187167","I]s̕a@ꗗ"
"n@","I]s{16-1-3","35.982032","136.169494","I]s̕a@ꗗ"
"La@","I]s1-2-8","35.943897","136.187362","I]s̕a@ꗗ"
"cݒȁEȁEOȈ@","I]s4-16-24","35.970673","136.18663","I]s̕a@ꗗ"
"Oc@","I]s1-7-14","35.946179","136.189522","I]s̕a@ꗗ"
"ێRȏzȈ@","I]sI]2-9-5","35.935812","136.178825","I]s̕a@ꗗ"
"݂SÃNjbN","I]sܘYے273","35.933653","136.190718","I]s̕a@ꗗ"
"䌧O쌒NZ^[","I]s1-2-25","35.959927","136.1825","I]s̕a@ꗗ"
"ƂfÏ","I]sΓc㒬23-14","35.974211","136.161139","I]s̕a@ꗗ"
"@","I]sOZ1-2-50","35.968155","136.178396","I]s̕a@ꗗ"
"R݈@","I]s˂̌15-13-4","35.951581","136.246304","I]s̕a@ꗗ"
"I]Ȉ@","I]sc10-5-2","35.948359","136.163864","I]s̕a@ꗗ"
"|[[킾","","35.948149","136.300847","I]̃ze"
"ToGVeB[ze","","35.947313","136.181199","I]̃ze"
"I]ze","","35.942401","136.193773","I]̃ze"
"zeEAt@[I]","","35.943587","136.188097","I]̃ze"
"zej[IT","","35.94935","136.196758","I]̃ze"
"rWlX  }X","","35.985881","136.186724","I]̃ze"
"_","","35.97238","136.183116","I]̃ze"
"rWlXzeނ","","35.94294","136.187931","I]̃ze"
"s","I]sRP31","35.956509","136.184193","I]s{"
"̊فi}فj","I]s22528","35.962042","136.186488","I]s{"
"z","I]s271","35.947885","136.179382","I]s{"
"R","I]s389","35.950586","136.180948","I]s{"
"|[[킾","I]s͓1937Ԓn2","35.947934","136.300829","I]s{"
"邵̗","I]sܒ401Ԓn2","35.953189","136.273891","I]s{"
"Z^[","I]sI]371","35.943479","136.198975","I]s{"
"NZ^[","I]s2301","35.961634","136.187786","I]s{"
"݂炢فE΂","I]sOZ1420","35.970744","136.179357","I]s{"
"܂Ȃׂ̊","I]s򎛒1920","35.953482","136.184395","I]s{"
"[J΂iΘJNz[j","I]s2242","35.959907","136.186851","I]s{"
"ӂꂠ݂Ȃ̊فE΂","I]sI]141","35.93766","136.179764","I]s{"
"Nw","I]sM}423Ԓn1","35.962936","136.206689","I]s{"
"","I]s莟108Ԓn","35.938558","136.198105","I]s{"
"GRlbg΂","I]s쒬7311Ԓn","35.954605","136.208493","I]s{"
"s𗬃Z^[","I]s򎛒1920","35.953899","136.184352","I]s{"
"͘acR~jeBZ^[","I]s͘ac196Ԓn1","35.951021","136.274031","I]s{"
"sz[","I]s{2216","35.946249","136.185059","I]s{"
"_","I]s_284","35.97253","136.183083","I]s{"
"̈","I]sI]3610","35.944347","136.197709","I]s{"
"X|[c𗬊","I]s{O291","35.930939","136.18408","I]s{"
"_NX|[cZ^[","I]sk쒬167Ԓn","35.968774","136.174522","I]s{"
"ԃX|[cZ^[","I]sԒ1527Ԓn","35.991137","136.159653","I]s{"
"Rۈ珊","I]s̏o637Ԓn","35.942532","136.18599","I]s{"
"cۈ珊","I]s{4617","35.949111","136.184433","I]s{"
"_ۈ珊","I]sOZ1112","35.968342","136.178794","I]s{"
"͕ۈ珊","I]s쒬208Ԓn1","35.95456","136.210418","I]s{"
"݂ٕۈ珊","I]s͒[4743Ԓn","35.968675","136.198234","I]s{"
"ҕۈ珊","I]s{334Ԓn1","35.983614","136.173715","I]s{"
"Γcۈ珊","I]sΓc㒬441Ԓn","35.979567","136.160838","I]s{"
"gۈ珊","I]sq520Ԓn","35.962909","136.156472","I]s{"
"킾ۈ珊","I]s䴐c105Ԓn1","35.946254","136.27233","I]s{"
"qĎxZ^[","I]s3720","35.95002","136.183051","I]s{"
"䂽ǂ","I]sc29Ԓn","35.942395","136.151281","I]s{"
"I]ct","I]s̏o637Ԓn","35.942484","136.185995","I]s{"
"ict","I]s򎛒1919","35.953133","136.184343","I]s{"
"I]ct","I]sV]2637","35.939357","136.198445","I]s{"
"_ct","I]sOZ1824","35.971834","136.178422","I]s{"
"Џct","I]s쒬166Ԓn","35.974298","136.231549","I]s{"
"kRct","I]sˌ911Ԓn4","35.953388","136.24418","I]s{"
"ɉAwZ","I]s̏o637Ԓn","35.942341","136.186542","I]s{"
"iwZ","I]s򎛒251","35.954306","136.185378","I]s{"
"I]wZ","I]sV]2637Ԓn","35.939617","136.198815","I]s{"
"_wZ","I]s41323","35.970335","136.184101","I]s{"
"HwZ","I]s_4138","35.979221","136.188027","I]s{"
"͏wZ","I]s쒬7316Ԓn","35.95429","136.208658","I]s{"
"Џ㏬wZ","I]s쒬166Ԓn","35.973756","136.231683","I]s{"
"ҏwZ","I]s{15Ԓn","35.983888","136.169976","I]s{"
"g쏬wZ","I]sq221Ԓn","35.961902","136.157322","I]s{"
"LwZ","I]sc3929Ԓn","35.943696","136.151343","I]s{"
"kRwZ","I]s镔2511Ԓn","35.953387","136.243052","I]s{"
"͘acwZ","I]sܒ678Ԓn","35.953079","136.278772","I]s{"
"I]wZ","I]s2121","35.952001","136.175004","I]s{"
"wZ","I]sOZ1150","35.96949","136.180165","I]s{"
"zwZ","I]s䒬327Ԓn","35.951083","136.22999","I]s{"
"I]","I]s1116","35.945387","136.183129","I]s{"
"V]","I]sz143Ԓn2","35.942024","136.200731","I]s{"
"_","I]sOZ1412","35.970727","136.178959","I]s{"
"͌","I]s쒬203Ԓn8","35.956213","136.208984","I]s{"
"Џ","I]s쒬68Ԓn1","35.973656","136.230857","I]s{"
"Ҍ","I]s{702Ԓn2","35.983106","136.174076","I]s{"
"g","I]sq514Ԓn1","35.96307","136.157338","I]s{"
"L","I]sc268Ԓn1","35.945984","136.152168","I]s{"
"kR","I]s䒬4133Ԓn1","35.951798","136.23","I]s{"
"͘ac","I]s͘ac196Ԓn1","35.951021","136.274053","I]s{"
"㐅ǗZ^[","I]sI]7230Ԓn","35.928045","136.177039","I]s{"
"qZ^[","I]sԒ19","35.994701","136.159436","I]s{"
"I]sόē","I]s̏o1-2","35.942603","136.188871","I]s{"
"zO`YƉ","I]sܒSO?P|Q","35.953259","136.273881","I]s{"
"䌧C","s唨97-21-3","36.048197","136.28292","䌧{"
"䌧","s317-1","36.065631","136.221668","䌧{"
"䌧䍇","s{316-10","36.073401","136.223993","䌧{"
"䌧䍇","sO17-45","36.220041","136.17195","䌧{"
"䌧z","sF]11-10","35.999032","136.500641","䌧{"
"䌧z","zOs㑾c41-5","35.903373","136.151136","䌧{"
"䌧ዷ","ls~1101","35.484432","135.782646","䌧{"
"䌧։ꍇ","։s17-42","35.642746","136.057744","䌧{"
"w@l䌧w","gcSi蓇4-1-1","36.109814","136.277565","䌧{"
"w@l䌧w@lLpX","lsw1-1","35.511007","135.75904","䌧{"
"w@l䌧w@JZ^[","s88-1","36.242473","136.196798","䌧{"
"w@l䌧w@CmՊCZ^[","lsC49-8-2","35.538757","135.718916","䌧{"
"䌧wK","sZ14-1","36.036069","136.231508","䌧{"
"䌧ዷpGlM[Z^[","։sJ64-52-1","35.6027991","136.0431952","䌧{"
"䌧hwZ","s唨97-21-3","36.048821","136.282169","䌧{"
"䌧q͊ĎZ^[","։sg37-1","35.633845","136.082151","䌧{"
"c@l䌧YƔp","s46ՊC3","36.168559","136.106152","䌧{"
"䌧RیZ^[","sZCt169-11-2","36.020624","136.581427","䌧{"
"䌧ClRZ^[","O㒆Sዷv18-2","35.564391","135.841497","䌧{"
"䌧ӂ邳ƊCl","ьS哇21-95","35.533164","135.665577","䌧{"
"䌧zOOI[gLv","sO15-45","36.2490057","136.1415061","䌧{"
"䌧䌒NZ^[","sؓc28-8","36.054581","136.213879","䌧{"
"䌧䌒NZ^[","st{221-17","36.218449","136.231388","䌧{"
"䌧zNZ^[","sV_1-1","35.98121","136.48768","䌧{"
"䌧O쌒NZ^[","I]s12-25","35.959945","136.182486","䌧{"
"䌧O쌒NZ^[@ی","zOs213-39","35.892375","136.163279","䌧{"
"䌧UǓBNZ^[","։sJ6-5","35.646809","136.068612","䌧{"
"䌧UǎዷNZ^[","lslJ3-10","35.496316","135.747869","䌧{"
"ӂN̐Xi𗬃Z^[j","s^I47-51","36.0156692","136.1403451","䌧{"
"ӂN̐Xi񂱂X|[cZ^[Av[ANX|[cj","s^I47-47","36.0139583","136.1391926","䌧{"
"䌧ЉZ^[","sz23-22","36.0674303","136.1981128","䌧{"
"䌧₩Vo[a@","s93-6","36.019077","136.1423253","䌧{"
"䌧k","sz23-36","36.067938","136.198644","䌧{"
"䌧ǂÈZ^[","slc28-1","36.06929","136.237997","䌧{"
"䌧ahw","s{ܒ48-2","36.033622","136.113405","䌧{"
"䌧Ȋw","st]Y3-1","36.1315927","136.2167078","䌧{"
"䌧ǂƑ","ьSC1-1-1","35.4812881","135.6280527","䌧{"
"䌧UǓ։ꎙk","։sp1-32","35.655239","136.077731","䌧{"
"䌧a@","slc28-1","36.068857","136.239091","䌧{"
"䌧ŌwZ","slc28-1","36.06934","136.237997","䌧{"
"䌧qZ^[","sڒ39-4","36.074077","136.261023","䌧{"
"ӂN̐XiNZ^[j","s^I47-48","36.0147082","136.1394119","䌧{"
"ӂRQXP","s`R54-41","35.662226","139.713772","䌧{"
"H̚ ","s13-3","35.675374","139.766551","䌧{"
"䌧YƏZ^[","sۉF3-7-1-16","36.10987","136.273582","䌧{"
"䌧HƋZpZ^[","s썇h˒61kc10","36.120578","136.217419","䌧{"
"䌧|","OSzO]120-61","35.9348832","136.0582678","䌧{"
"䌧YƐU{","zOsZ5-1-1","35.9306234","136.1857766","䌧{"
"䌧YƉ","sZ103","36.0367467","136.2302126","䌧{"
"䌧YƋZpw@","sѓ20-1-3","36.088696","136.256515","䌧{"
"䌧։YƋZpw@","։s19-2-1","35.626317","136.075092","䌧{"
"䌧ƎYƑwZ","sZ16-15","36.0359878","136.2309086","䌧{"
"䌧ՊCHƗpǗ","s]㒬43-20","36.125804","136.168681","䌧{"
"䌧n搅Ǘ","zOs剖62-6-2","35.857553","136.164131","䌧{"
"䌧n搅Ǘ","sۉRv5-27","36.174422","136.2966","䌧{"
"䌧eNm|[g򉻃Z^[","sOĔ[49-100-6","36.169693","136.11024","䌧{"
"eNm|[g䑍","sO2251-1","36.1897031","136.1337656","䌧{"
"c@l䌧ƌ","sO22-51-1","36.189724","136.133779","䌧{"
"䌧","Rs51-11","36.083347","136.506649","䌧{"
"䌧ی𗬉","si31-1","36.0673666","136.2253098","䌧{"
"䌧ی𗬗Z^[","։s_y14-26","35.6541718","136.071108","䌧{"
"䌧j","s{219-15","36.082662","136.222354","䌧{"
"䌧p","s316-1","36.078534","136.215243","䌧{"
"䌧ዷj","ls~2104","35.484139","135.784961","䌧{"
"䌧JqՎ","sg꒬4-10","36.015418","136.299089","䌧{"
"䌧y","ss40-1-1","36.0147844","136.2073275","䌧{"
"O_ёO","OSzOS14-36","35.972206","136.129423","䌧{"
"䌧|UZ^[","s]50-8","36.239886","136.216487","䌧{"
"䌧_Ǝ","sӑ52-21","36.058935","136.277243","䌧{"
"䌧HiH","sۉ؃m1-1-1","36.111634","136.284476","䌧{"
"䌧_Ǝ@|Z^[","OSlvXq35-32-1","35.599466","135.916864","䌧{"
"䌧{Y","sOR68-34","36.241556","136.169096","䌧{"
"䌧zq","Rs򎛒r230","36.032165","136.577347","䌧{"
"䌧q","O㒆Sዷꗢ77-1","35.472798","135.889825","䌧{"
"䌧ƒ{یq","s唨69-10-1","36.042298","136.273372","䌧{"
"䌧ƒ{یqZ^[","O㒆Sዷ31-3","35.507581","135.898896","䌧{"
"䌧̗","OSzOP286-1","35.981671","135.9654973","䌧{"
"䌧iȞ{","sZCt169J","36.0201842","136.5730879","䌧{"
"䌧Y","։sY23-1","35.743047","136.024214","䌧{"
"䌧͔|ƃZ^[","lsC50-1","35.537849","135.719163","䌧{"
"䌧ʑZ^[","sm34-10","36.094973","136.28733","䌧{"
"䌧O[Z^[","sۉy15","36.107309","136.303294","䌧{"
"̊w","OSzO44-3","35.97719","136.026084","䌧{"
"䌧y؎","s铌428-1","36.057756","136.240615","䌧{"
"䌧݋ZpZ^[","st3303","36.051606","136.222614","䌧{"
"䌧Oy؎","sO42-68","36.213601","136.153258","䌧{"
"䌧@Ei_Ǘ","sۉ|c50-56-2","36.152062","136.347791","䌧{"
"䌧zy؎","sF]11-14","35.99812","136.500175","䌧{"
"䌧zy؎@RێǗ","Rsg1569","36.068961","136.493944","䌧{"
"䌧Ey_Ǘ","s28-36-1","35.991914","136.483732","䌧{"
"䌧Oy؎","zOs㑾c42-1-1","35.901948","136.151115","䌧{"
"䌧Oy؎@I]Oyؕ","OSzOC䏯3-17","35.976231","136.137835","䌧{"
"䌧LEJ_Ǘ","SzO87-4-4","35.77223","136.201433","䌧{"
"䌧UǓ։y؎","։s17-36","35.642772","136.0571","䌧{"
"䌧UǏly؎","ls~1101","35.484305","135.783263","䌧{"
"䌧ØC_Ǘ","ls~1101","35.484161","135.783955","䌧{"
"䌧ዷw|[gǗ","ls66-20","35.489354","135.785821","䌧{"
"wnԏ","s2","36.0625691","136.2206874","䌧{"
"䌧g쐣_ݎ","zOsL113-5","35.890954","136.138349","䌧{"
"䌧Uǉ͓_ݎ","O㒆SዷF40-26","35.444327","135.90283","䌧{"
"㓪򉻃Z^[","sOr2-27","36.185542","136.161792","䌧{"
"䌧`p","sO32-2-1","36.195568","136.130957","䌧{"
"䌧`","st]]50-1-2","36.140119","136.221981","䌧{"
"։`Βn","։s蒬44","35.6625269","136.072761","䌧{"
"ac`CΒn","ьSC1-1","35.4814853","135.6316275","䌧{"
"䌧UǓ։`p","։s2-1","35.659676","136.072206","䌧{"
"䌧wӐ","s24-13","36.064087","136.223257","䌧{"
"ዷ̗","ls~2","35.483728","135.785976","䌧{"
"ዷ","lsk","35.51461","135.75652","䌧{"
"zӂꂠ","s70-46","35.9642833","136.4961349","䌧{"
"gp[NȂ","sR67-30-1","36.2164943","136.2496258","䌧{"
"O쑍","zOs]c50-4-1","35.9257566","136.1544228","䌧{"
"ՊC","sOĔ[","36.1681431","136.1124194","䌧{"
"Olɏ՗Βn","s","36.1614389","136.112709","䌧{"
"䌧wZ","s28-30","36.079844","136.216209","䌧{"
"䌧uwZ","sK225-8","36.059456","136.232397","䌧{"
"䌧HwZ","sH1302","36.042124","136.228942","䌧{"
"䌧HwZ","sJ44","36.009178","136.196403","䌧{"
"䌧OwZ","sO΃u21-3","36.218631","136.153241","䌧{"
"䌧ÍwZ","ssP45-1","36.208096","136.228556","䌧{"
"䌧ۉwZ","sۉ23-11-1","36.149762","136.284002","䌧{"
"䌧썂wZ","sV10-28","35.973804","136.484674","䌧{"
"䌧RwZ","Rsa23-1","36.065839","136.50757","䌧{"
"䌧I]wZ","I]sMÒ25-42","35.938006","136.183537","䌧{"
"䌧O썂wZ","I]sFc10-7","35.953692","136.16886","䌧{"
"䌧OwZ","OSzOS41-18-1","35.975315","136.120967","䌧{"
"䌧wZ","zOs125-15","35.910047","136.175856","䌧{"
"䌧wZ","zOsk89-10","35.908118","136.218385","䌧{"
"䌧։ꍂwZ","։st2-1","35.651107","136.049277","䌧{"
"䌧wZ","O㒆SዷCR114-1-1","35.586811","135.911969","䌧{"
"䌧ዷwZ","ls16-13","35.497522","135.750522","䌧{"
"䌧ዷwZ","ls48-2","35.476975","135.782773","䌧{"
"䌧_эwZ","sVے49-1","36.079081","136.253459","䌧{"
"䌧_ƍwZ","s䒬{57-5","36.162686","136.238126","䌧{"
"䌧lYwZ","lsx~2-5-2","35.508789","135.746616","䌧{"
"䌧ȊwZpwZ","s]璬28","36.046323","136.179031","䌧{"
"䌧t]HƍwZ","st]]8-1","36.124305","136.220767","䌧{"
"䌧zwZ","sF]9-10","35.99891","136.50154","䌧{"
"䌧HƍwZ","zOs114-16","35.889711","136.162359","䌧{"
"䌧։HƍwZ","։sR13-1","35.62221","136.067151","䌧{"
"䌧䏤ƍwZ","s48-19","36.073921","136.206089","䌧{"
"䌧ƍwZ","zOsƋv24","35.931925","136.168732","䌧{"
"䌧獂wZ","sᐙ35-21","36.056281","136.179654","䌧{"
"䌧ӊwZ","sڒ39-8","36.073557","136.260463","䌧{"
"䌧낤wZ","sv2-22","36.089407","136.227204","䌧{"
"䌧ʎxwZ","sz32-33","36.067556","136.196348","䌧{"
"䌧ʎxwZ","s싏82","36.01179","136.172101","䌧{"
"䌧䓌ʎxwZ","slc28-1","36.069256","136.237139","䌧{"
"䌧ʎxwZ","s68-33-3","36.019219","136.138004","䌧{"
"䌧kʎxwZ","sۉF3-36","36.108826","136.270098","䌧{"
"䌧zʎxwZ","Rsa31-69","36.062526","136.507935","䌧{"
"䌧zʎxwZ","zOsؒ35-1-1","35.879695","136.227121","䌧{"
"䌧쓌ʎxwZ","OSlCR106","35.586742","135.913943","䌧{"
"䌧쐼ʎxwZ","lsH67-49-1","35.512701","135.765735","䌧{"
"䌧싳玖","ls~2205","35.482715","135.786132","䌧{"
"䌧猤","sV2505","36.050999","136.186168","䌧{"
"䌧ʎxZ^[","slc28-1","36.069299","136.23714","䌧{"
"䌧Z^[","sg꒬4-10","36.014919","136.299277","䌧{"
"䌧Z^[@ԖJ","sԖJ31ԍ3-1","36.046922","136.283607","䌧{"
"䌧}","sn51-11","36.037058","136.242246","䌧{"
"䌧ዷ}wKZ^[","ls쒬6-11","35.492945","135.754084","䌧{"
"䌧ǂj","s铌P18-21","36.061589","136.234126","䌧{"
"䌧NZ^[","sV2505","36.050712","136.186704","䌧{"
"䌧zNR̉","sZCt169-8","36.023757","136.58262","䌧{"
"䌧N̉","sk250-20","36.25668","136.21935","䌧{"
"䌧I]N̉","I]sc19-1","35.937832","136.147896","䌧{"
"䌧ON̉","O㒆Sዷl122-27-1","35.560161","135.894395","䌧{"
"䌧^","s3-20","36.05194","136.18487","䌧{"
"䌧A[`F[Z^[","sJ1-1","36.0248547","136.1806931","䌧{"
"䌧NC~OZ^[","sJ1-1","36.0248547","136.1806931","䌧{"
"䌧npZ","sCV8-1","36.090788","136.18912","䌧{"
"䌧Ctˌ","sJ49-40-2","36.0117911","136.1944433","䌧{"
"䌧zbP[","OSzO22-35","35.972863","136.116799","䌧{"
"䌧","sOc8-1-1","36.084881","136.194524","䌧{"
"䌧x@{","s317-1","36.064876","136.221026","䌧{"
"x@wZ","srؐVے5-9","36.046601","136.268124","䌧{"
"x@","sJ5103-1","36.085176","136.237096","䌧{"
"x@","s]璆6-18-2","36.035739","136.197678","䌧{"
"x@","sF]11-7","35.99865","136.500145","䌧{"
"Rx@","Rsg4402","36.072447","136.488151","䌧{"
"x@","s]35-103","36.223694","136.211261","䌧{"
"x@","sۉac29-1","36.146539","136.256343","䌧{"
"䐼x@","sO΃u415-40","36.222413","136.156308","䌧{"
"I]x@","I]s͒[202","35.964131","136.189953","䌧{"
"zOx@","zOs233","35.897655","136.154033","䌧{"
"։x@","։s؍12-18-1","35.639528","136.049427","䌧{"
"lx@","ls쒬16-27","35.490953","135.755693","䌧{"
"syj","si312-1","36.068315","136.222894","䌧{"
"sp","sn31111","36.038999","136.234065","䌧{"
"sRj","sH㒬147","36.056628","136.209552","䌧{"
"s}","s27-7","36.077442","136.216902","䌧{"
"s݂ǂ}","sᐙ3301","36.052009","136.191254","䌧{"
"sؐ}","s14-1@AOSSA4K","36.060577","136.223497","䌧{"
"s}","s21-17","36.026239","136.145056","䌧{"
"sR}","sR2-12","36.000219","136.359107","䌧{"
"s","s14-1@AOSSA5K","36.060577","136.223497","䌧{"
"Ɖ","s54-48","36.046297","136.199617","䌧{"
"sJqՕ","s˃m28-37","35.997652","136.293149","䌧{"
"sJjՌZ^[","s˃m10-48","36.003215","136.297955","䌧{"
"{_(򐅉~)뉀","si311-36","36.068636","136.224261","䌧{"
"sیZ^[","s4748","36.044963","136.186215","䌧{"
"NR̉","seOP66-2-10","36.012597","136.292159","䌧{"
"s̈","s{410-1","36.073449","136.219565","䌧{"
"s̈","s񃖒6-6-1","36.019234","136.265554","䌧{"
"s̈","s䴐c33-1","36.022917","136.221311","䌧{"
"sk̈","sVr5-65","36.113835","136.219004","䌧{"
"s̈","sђ˒10-8","36.067651","136.183058","䌧{"
"̈","s4748","36.044918","136.186215","䌧{"
"sX|[c","sc14-1","36.062335","136.157887","䌧{"
"s؂땶z[","sR2-8","36.000282","136.358988","䌧{"
"s⒃p","sH18-5","36.059987","136.211138","䌧{"
"skLOw","sH16-34","36.059768","136.211205","䌧{"
"zO̗","sq43-25","36.012901","135.990732","䌧{"
"sCZ^[","s68-18","36.074184","136.197622","䌧{"
"䋣֏","s2-65","36.060702","136.199218","䌧{"
"ss","sac1101","36.090183","136.24628","䌧{"
"tFjbNXEvU","sc113-6","36.074311","136.217229","䌧{"
"sn𗬃vU","s14-1@AOSSA5K","36.060577","136.223497","䌧{"
"sɎǊ","s蒬29-3","35.957127","136.421959","䌧{"
"s}Ch[","s^I48-2","36.015841","136.142725","䌧{"
"s","s20-17","36.026501","136.144855","䌧{"
"shЃZ^[","sac22207","36.047303","136.250343","䌧{"
"GECook","s15-1@U-canr1K","36.062263","136.219458","䌧{"
"k̏隬Eēc","s121","36.060277","136.219638","䌧{"
"RN^","s50-5","36.060032","136.281892","䌧{"
"HRVn","sR58-97","36.050856","136.200497","䌧{"
"","s311","36.064878","136.219273","䌧{"
"n","sn31306","36.039602","136.234612","䌧{"
"Vr͐","sVrn","36.103371","136.215612","䌧{"
"͐","sMn","36.100396","136.226922","䌧{"
"uÐ͐","sHn","36.033637","136.136578","䌧{"
"sLO","sr2305","36.037466","136.190554","䌧{"
"یZ^[","s铌414-30","36.059011","136.237222","䌧{"
"|Z^[","s쒬1-30","36.141388","136.133866","䌧{"
"wʍL","s11","36.061897","136.222714","䌧{"
"wʍL","s11","36.061303","136.223382","䌧{"
"_݃o[xL[(H͐)","s_3ڒn","36.048795","136.233505","䌧{"
"shЃXe[V","sy3-80-1","36.101826","136.185852","䌧{"
"sɁi{فj","s310-1","36.064093","136.219584","䌧{"
"sɁiʊفj","s310-1","36.064076","136.218996","䌧{"
"sƋǒ","s313-1","36.065728","136.218447","䌧{"
"Rx","sR7-1","35.998771","136.360628","䌧{"
"x","sH27-1","36.032371","136.136079","䌧{"
"s(ʊ)","s33-1","36.063575","136.219715","䌧{"
"sɁiفj","s311-2","36.064111","136.220005","䌧{"
"zUx","s1-88","36.039034","136.012807","䌧{"
"WZ^[","s]璬2-1","36.031848","136.198701","䌧{"
"N[Z^[","s50-41","36.061004","136.284021","䌧{"
"ЉZ^[","sH27-10","36.031588","136.136878","䌧{"
"s","stR27-15","36.069087","136.212715","䌧{"
"₩h[","sJ2-6-1","36.125119","136.167917","䌧{"
"ƃh㓪","sV3-10","36.124927","136.168823","䌧{"
"ҕZ^[","s28-8-1","36.027887","136.149464","䌧{"
"̍҂ӂꂠZ^[","s1-91-2","36.038765","136.010779","䌧{"
"Ryy@","ssg26-15","36.018325","136.332778","䌧{"
"ӂꈤ","sԖJ43-40-2","36.043248","136.285513","䌧{"
"یZ^[","s28-8-1","36.028156","136.149411","䌧{"
"","sc11-1","36.060314","136.153132","䌧{"
"zUfÏ","s1-91-1","36.038765","136.01112","䌧{"
"zUӂ邳Ǝ","sq50-1-2","36.012623","135.992705","䌧{"
"Rό^[~i","s2-11-6","35.998797","136.364539","䌧{"
"zO̗g̉","s1-94","36.037589","136.010235","䌧{"
"z^","sg꒬nW","36.009289","136.300345","䌧{"
"RXщ݂炭","ssg38-2","36.010931","136.329344","䌧{"
"KKR^","sԍ⒬66-84","36.004285","135.98536","䌧{"
"ꏬY̗t@~[p[N","s򋳎nW","35.981759","136.300683","䌧{"
"[NvU","s126-10","36.078389","136.221153","䌧{"
"TCNnEX","sO21101","36.047787","136.193634","䌧{"
"n抈{","s24-12-1","36.035505","136.107578","䌧{"
"_{݃}Ct@[","s95-2-1","36.017093","136.143489","䌧{"
"݂ܒΓꂲ","sڃ24-7","36.008414","136.352249","䌧{"
"΍H[؂","sڃ24-90-1","36.008805","136.352072","䌧{"
"xXь","s22gR6-1","36.080633","136.083566","䌧{"
"rrsh","sJ115","36.020917","136.087692","䌧{"
"Y̐X","s20-23","36.028562","136.412566","䌧{"
"J琅̉w@ӂꂠ","sgꒆ1-1-1","36.020295","136.294681","䌧{"
"ӂ邳ƌ𗬊","sV1-21","35.993882","136.290542","䌧{"
"ؓc","sؓc11401","36.049038","136.222089","䌧{"
"","sOY11410","36.079748","136.193598","䌧{"
"V","s35-1-1","36.089338","136.214294","䌧{"
"zU","s䣍蒬1-68","36.039223","136.012257","䌧{"
"","sX20-43-1","36.019765","136.117896","䌧{"
"","sO14]11-1","36.037214","136.152292","䌧{"
"","s񃖒6-13-1","36.018924","136.266055","䌧{"
"{m","sRq22-9","36.132754","136.161637","䌧{"
"","s21-1","36.060531","136.226123","䌧{"
"","sr䒬8-414","36.026761","136.202182","䌧{"
"L","ŝ݂3106-8","36.050821","136.208066","䌧{"
"","sw14-8","36.06887","136.202262","䌧{"
"i","s{48-4","36.072395","136.220225","䌧{"
"","s311-1","36.064416","136.219916","䌧{"
"{","s129-1","36.07801","136.224881","䌧{"
"Vo","slb17-24","36.066272","136.23573","䌧{"
"V","s51-8","36.074923","136.207213","䌧{"
"","sђ˒6-18","36.066329","136.186619","䌧{"
"Г","sr2206","36.037143","136.190431","䌧{"
"Жk","sᐙ4308","36.058328","136.186339","䌧{"
"Ì","s󐅎O1-93","36.002473","136.20099","䌧{"
"[֌","sJ12105","36.077936","136.244211","䌧{"
"","s48-1-1","36.087454","136.269765","䌧{"
"","sؖk21001","36.099468","136.231815","䌧{"
"͍","s썇h˒9-18","36.117575","136.200084","䌧{"
"Xc","sXc2","36.109463","136.226482","䌧{"
"","s{7-4","36.059664","136.135512","䌧{"
"","s21-17","36.026332","136.145064","䌧{"
"","sl\J5-20-1","36.107681","136.175278","䌧{"
"G","sq⒬5-58","36.143686","136.14732","䌧{"
"R","sR2-12","36.000034","136.359557","䌧{"
"","sV1-31","35.994457","136.289594","䌧{"
"","s6-5","36.062686","136.068344","䌧{"
"~R","sk7-12","36.069293","136.25393","䌧{"
"ی","s͐10-13","36.051866","136.271837","䌧{"
"㕶","skR34-1","36.001445","136.25289","䌧{"
"","s쒬195-7","36.089392","136.030939","䌧{"
"𐶌","srؐVے37-9","36.033622","136.271709","䌧{"
"k","sذʲ5131","36.041482","136.164624","䌧{"
"鑃","s16-2-1","36.126861","136.062164","䌧{"
"a","s1-13","36.038945","136.046254","䌧{"
"","s΋4-14","36.145915","136.107278","䌧{"
"ZZ^[","s΋4-18","36.145655","136.107375","䌧{"
"tR","s311-12","36.077945","136.211789","䌧{"
"{","srJ19-55","36.116722","136.140924","䌧{"
"Rُ㖡","s蒬10-3","35.961699","136.417911","䌧{"
"Rى","s͌18-33","35.951712","136.359749","䌧{"
"RىF╪","ssg25-11-1","36.018132","136.330947","䌧{"
"RىH","s{11-8","36.000191","136.413765","䌧{"
"","sc4-11-2","36.010844","136.222882","䌧{"
"А","svÒ65-23","36.050816","136.177177","䌧{"
"Z","sV43-4","36.026872","136.23405","䌧{"
"ac","sac11504","36.052265","136.245467","䌧{"
"Rg[jOZ^[","s2-7","35.998418","136.363838","䌧{"
"b̗͂Âg[jO","sL25-5","36.056264","136.222115","䌧{"
"|","s{49-43","36.073761","136.220555","䌧{"
"p[N","s21-17","36.026627","136.146378","䌧{"
"쐼ejXR[g","sq⒬5-9-1","36.144388","136.146234","䌧{"
"킩΃ejXR[g","sђ˒10-8","36.067049","136.183106","䌧{"
"ejXR[g","sԌ13-1","36.070036","136.211797","䌧{"
"OGv[","sƎ31-1","36.065141","136.208128","䌧{"
"RAfp_L","sD21-73","36.005902","136.401308","䌧{"
"R닅uECNv","ssg29-22","36.017396","136.333484","䌧{"
"RafCmZ^[","sR9-30","35.998515","136.362969","䌧{"
"Lv","sl\J24-1","36.105306","136.170375","䌧{"
"s","stR27-1","36.068696","136.212878","䌧{"
"sy","s21-17","36.026239","136.145056","䌧{"
"T[rXZ^[","s钬12-7","36.062192","136.240398","䌧{"
"T[rXZ^[","sԓ216-1","36.034624","136.211955","䌧{"
"T[rXZ^[","s21705","36.046672","136.187794","䌧{"
"kT[rXZ^[","sxm{1208","36.081576","136.197032","䌧{"
"쐼A","sq⒬5-58","36.143712","136.147156","䌧{"
"XcA","sXc2","36.109471","136.226507","䌧{"
"HA","s񃖒6-6","36.019282","136.265557","䌧{"
"aA","s1-13","36.038862","136.046249","䌧{"
"A","s쒬195-7","36.089379","136.030936","䌧{"
"򉻃Z^[","sے3-1","36.104097","136.186324","䌧{"
"򉻃Z^[","sJ11-1","36.072048","136.196671","䌧{"
"鑃򉻃Z^[","s21-1","36.123923","136.06461","䌧{"
"Z^[","sД30-36-1","36.053835","136.165746","䌧{"
"Z^[","sX77-33-1","36.025258","136.132717","䌧{"
"H򉻃Z^[","st37-42-1","36.004235","136.380725","䌧{"
"R򉻃Z^[","sF⒬16-16-1","35.992617","136.371311","䌧{"
"XEFbWK[f","sے3-1","36.104097","136.186324","䌧{"
"҃Z^[","sc113-6","36.07386","136.21718","䌧{"
"sNPOxZ^[","s14-1@AOSSA@5K","36.060557","136.22345","䌧{"
"jQEqǂƒZ^[","s14-1@AOSSA@5K","36.060557","136.22345","䌧{"
"KXH","sђ˒20-1","36.065839","136.176866","䌧{"
"򐅊Ǘ","sk쉺21-35","36.102715","136.265464","䌧{"
"Ǘ","sH17-35","36.058428","136.211451","䌧{"
"sLO","sH17-35","36.058671","136.211317","䌧{"
"kwZHZ^[","s11801","36.089685","136.243911","䌧{"
"암wZHZ^[","s䴐c16-1-2","36.020668","136.22836","䌧{"
"RwZHZ^[","sR8-29","35.997756","136.361874","䌧{"
"sh","sac22207","36.047316","136.250359","䌧{"
"h","s{49-36","36.073266","136.22056","䌧{"
"","sxm{1-12-1","36.085155","136.197117","䌧{"
"","sH⒬34-31-1","36.060648","136.136869","䌧{"
"","sؖk2901-1","36.099013","136.232284","䌧{"
"͍","sR21-1","36.11868","136.192691","䌧{"
"Xc","sXc2","36.109222","136.226678","䌧{"
"h","sԓ114-25","36.036462","136.213887","䌧{"
"Е","sᐙ3906","36.051398","136.188255","䌧{"
"Õ","ss12-7-1","36.009473","136.204085","䌧{"
"","sH27-1","36.032815","136.135823","䌧{"
"h","sac22205","36.048023","136.249661","䌧{"
"R","sR6-9-1","35.999709","136.360318","䌧{"
"","s㒆31-7-3","36.085462","136.27173","䌧{"
"H","s񃖒37c31-3","36.015383","136.264456","䌧{"
"ՊCh","s15-1-1","36.141982","136.085441","䌧{"
"zU","s1-89-1","36.038876","136.012056","䌧{"
"","scmJ13-104","36.105826","136.176319","䌧{"
"G","sq⒬5-58","36.143489","136.146879","䌧{"
"","s쒬108-6-1","36.087023","136.031185","䌧{"
"a","s27-13-1","36.041361","136.045555","䌧{"
"aOEh","sa2801","36.056186","136.248093","䌧{"
"JOEh","sJ3801","36.081363","136.233183","䌧{"
"OEh","s210-15","36.078983","136.230522","䌧{"
"ďOEh","sď110-1","36.064709","136.240999","䌧{"
"哇OEh","s哇201","36.033755","136.208345","䌧{"
"k","s̋{333","36.086498","136.217076","䌧{"
"J","sJ16","36.071467","136.192283","䌧{"
"","sz113","36.066897","136.201467","䌧{"
"J","sJ22501","36.040116","136.201387","䌧{"
"Vی","sV1","36.079904","136.246549","䌧{"
"Xc","sÎs3","36.10587","136.227849","䌧{"
"_","s_2","36.048188","136.228472","䌧{"
"]","sؓc32001","36.043608","136.22468","䌧{"
"c","s][2-11","36.031648","136.217368","䌧{"
"kO","sؖk4304","36.096473","136.235784","䌧{"
"","sklc123","36.065054","136.246175","䌧{"
"쒆","s2801","36.117545","136.216595","䌧{"
"萳","sΐ","36.11777","136.225337","䌧{"
"ac","sac11001","36.045612","136.24525","䌧{"
"،","s1401","36.097123","136.225682","䌧{"
"ӂ","s2701","36.040719","136.189331","䌧{"
"Ή","s2","36.049073","136.191446","䌧{"
"H","sH2-12-31","36.059928","136.204062","䌧{"
"RُF╪","sR2-12","35.999943","136.359719","䌧{"
"Rو","s3-9-1","36.026879","136.406081","䌧{"
"","sH18-35","36.058083","136.209148","䌧{"
"sXczWyщW]fbL","sXcVے12-55","36.113073","136.250105","䌧{"
"ۈ牀","s22-27","36.059039","136.227549","䌧{"
"ۈ牀","sԌ210-10","36.069282","136.208773","䌧{"
"kۈ牀","s{27-26","36.071974","136.228433","䌧{"
"Voۈ牀","sVo514-1","36.065995","136.234057","䌧{"
"ۈ牀","sz19-8","36.067552","136.203678","䌧{"
"ۈ牀","sOY11414","36.079523","136.193947","䌧{"
"Kۈ牀","sK27-29","36.05717","136.230538","䌧{"
"Еۈ牀","sr1811","36.035279","136.191539","䌧{"
"͍ۈ牀","sR10-7","36.118758","136.193056","䌧{"
"ۈ牀","s][32-67","36.027766","136.210255","䌧{"
"ۈ牀","s{8-31-1","36.059833","136.135089","䌧{"
"{ۈ牀","sv7-17","36.081326","136.226289","䌧{"
"kۈ牀","sk122-46","36.062109","136.250176","䌧{"
"Õۈ牀","s󐅓131-18","36.001692","136.19693","䌧{"
"[֕ۈ牀","sJ11910","36.077294","136.243588","䌧{"
"qۈ牀","s326-23","36.079896","136.210754","䌧{"
"{ۈ牀","sN1-56","36.116795","136.141461","䌧{"
"Gۈ牀","sq⒬6-20","36.14345","136.145951","䌧{"
"ۈ牀","sΐVے13-17","36.14517","136.108148","䌧{"
"Xcۈ牀","sXc4302","36.113185","136.235166","䌧{"
"Xclۈ牀","sIXl603","36.11442","136.24169","䌧{"
"ۈ牀","s46-13-1","36.086494","136.271483","䌧{"
"Zۈ牀","sV21-1-1","36.027167","136.234565","䌧{"
"ۈ牀","sP37-18","36.015531","136.27306","䌧{"
"ۈ牀","sc14-1","36.011625","136.230263","䌧{"
"Xchۈ牀","sh2-22","36.107742","136.223053","䌧{"
"݂ܕۈ牀","s36-3","35.998242","136.364524","䌧{"
"ۈ牀","s28-5","36.027514","136.148037","䌧{"
"ct","scmJ14-6","36.105376","136.176136","䌧{"
"×ct","s󐅓28-5","36.002651","136.19827","䌧{"
"ۗct","s͐18-8","36.051864","136.273062","䌧{"
"ct","s44-8","36.086648","136.271804","䌧{"
"act","s6-24","36.036284","136.04686","䌧{"
"Gct","sq⒬4-31","36.145224","136.146059","䌧{"
"Gct","s咬6-4","36.12882","136.164431","䌧{"
"{ct","sN65-32","36.115053","136.140542","䌧{"
"ct","sΐVے12-32","36.145439","136.108774","䌧{"
"鑃ct","saz3-6","36.130674","136.065939","䌧{"
"ct","s18-48","36.110566","136.049231","䌧{"
"𐶗ct","s莛5-1","36.032538","136.275114","䌧{"
"ct","sV1-4","35.995581","136.290378","䌧{"
"㕶ct","s36-6","35.999626","136.25302","䌧{"
"Zct","s䴐c5-16","36.026946","136.233349","䌧{"
"ct","s͖k53-1","36.013253","136.231152","䌧{"
"ct","sȐ3-105","36.014242","136.272383","䌧{"
"Fct","ssg55-5","36.015528","136.332851","䌧{"
"Hct","s{12-31","35.999466","136.416044","䌧{"
"R[ct","sJ1-20","35.994479","136.372046","䌧{"
"ؓcwZ","sؓc11360","36.048171","136.220607","䌧{"
"LwZ","s39-1","36.045759","136.21137","䌧{"
"HwZ","sH31-1","36.058918","136.206434","䌧{"
"wZ","sz2503","36.066324","136.187734","䌧{"
"wZ","sw14-8","36.069802","136.201767","䌧{"
"tRwZ","s313-1","36.078777","136.213172","䌧{"
"wZ","s316-1","36.066507","136.220124","䌧{"
"iwZ","s{315-1","36.073028","136.222463","䌧{"
"{wZ","s314-20","36.078491","136.225961","䌧{"
"VowZ","sVo511-1","36.065847","136.232806","䌧{"
"wZ","s22-5","36.060106","136.228332","䌧{"
"acwZ","sac12-1","36.052196","136.240713","䌧{"
"~RwZ","sklc315-17","36.068675","136.247279","䌧{"
"[֏wZ","sJ11008","36.077112","136.240574","䌧{"
"wZ","sOY11410","36.079514","136.194","䌧{"
"ЖkwZ","sᐙ4143","36.059347","136.185348","䌧{"
"Г쏬wZ","sr2128","36.037344","136.191811","䌧{"
"wZ","s{4-12","36.06145","136.134627","䌧{"
"wZ","s33001","36.097284","136.24124","䌧{"
"wZ","sݐ16-25-1","36.109497","136.173948","䌧{"
"͍wZ","sR10-12","36.119417","136.193302","䌧{"
"ÏwZ","s󐅓28-5","36.002321","136.198216","䌧{"
"wZ","s쒬109-3-3","36.085306","136.031361","䌧{"
"ۏwZ","s͐18-8","36.051606","136.273319","䌧{"
"wZ","s44-8","36.086555","136.271837","䌧{"
"awZ","s6-24","36.036273","136.04689","䌧{"
"GwZ","sq⒬4-31","36.145187","136.146031","䌧{"
"{wZ","sN65-32","36.114936","136.140388","䌧{"
"wZ","sΐVے12-32","36.145395","136.108748","䌧{"
"鑃wZ","saz3-6","36.130951","136.06593","䌧{"
"wZ","s18-48","36.110472","136.049171","䌧{"
"XcwZ","sXcV19-67","36.107967","136.231089","䌧{"
"VwZ","s1-2101","36.091523","136.21285","䌧{"
"𐶏wZ","s莛5-1","36.032538","136.275088","䌧{"
"揬wZ","sV1-4","35.99556","136.290377","䌧{"
"㕶ꏬwZ","s36-6","35.999622","136.25303","䌧{"
"ZwZ","s䴐c5-16","36.026403","136.233096","䌧{"
"ꏬwZ","s͖k53-1","36.013231","136.231132","䌧{"
"wZ","sȐ3-105","36.014237","136.272352","䌧{"
"VwZ","s525-30","36.078474","136.203473","䌧{"
"wZ","sr䒬13-240","36.025883","136.202679","䌧{"
"АwZ","s]璬22-18","36.048171","136.176855","䌧{"
"F⏬wZ","ssg55-5","36.015452","136.332863","䌧{"
"HwZ","s{12-31","35.999205","136.415765","䌧{"
"R[wZ","sJ1-20","35.994535","136.372066","䌧{"
"zUwZ","s䣍蒬3-25","36.040277","136.014056","䌧{"
"wZ","sX9-2","36.01859","136.116946","䌧{"
"wZ","sO69-2","36.037952","136.153681","䌧{"
"쏬wZ","s^I15-33","36.014793","136.148177","䌧{"
"kwZ","sO[nCc5101","36.043009","136.164742","䌧{"
"ϒwZ","sؓc11360","36.049186","136.220629","䌧{"
"zwZ","sz47-1","36.066689","136.194847","䌧{"
"wZ @","s25-1","36.076869","136.217732","䌧{"
"iwZ@","s{110-1","36.072698","136.229416","䌧{"
"awZ @","s铌310-1","36.061719","136.238245","䌧{"
"wZ @","s{12-4","36.058311","136.135742","䌧{"
"wZ","sݐ16-25-1","36.109528","136.173937","䌧{"
"wZ","s33801","36.09799","136.213999","䌧{"
"wZ @","s]璬65-20","36.025518","136.188099","䌧{"
"wZ","s쒬109-9-2","36.085369","136.031395","䌧{"
"哌wZ","sk10-6-2","36.073548","136.255965","䌧{"
"awZ","s6-24","36.036301","136.046868","䌧{"
"쐼wZ","sؒ39-24","36.143195","136.1446","䌧{"
"wZ","sΐVے12-32","36.145434","136.108781","䌧{"
"鑃wZ","saz3-6","36.130912","136.065923","䌧{"
"XcwZ","s{37-12","36.115861","136.2376","䌧{"
"HwZ","ss5-10","36.006349","136.20563","䌧{"
"HꒆwZ","sÒ83-1","36.021423","136.250466","䌧{"
"wZ","sc7-6","36.085306","136.201424","䌧{"
"ВwZ","sᐙ41402","36.055709","136.184354","䌧{"
"RwZ","sR9-14","35.997955","136.361992","䌧{"
"zUwZ","s喡29-83","36.051302","136.019205","䌧{"
"wZ","s2-55","36.024694","136.143038","䌧{"
"։s","։s21-1","35.6452221","136.0555435","䌧{"
"։sŌwZ","։s؍24-7-1","35.6449776","136.0459531","䌧{"
"։sjQZ^[","։sO21-6","35.6489944","136.0691445","䌧{"
"|Z^[","։s88-1-2","35.6598649","136.0393507","䌧{"
"rlƎR̂ӂꂠ̗","։s~79@","35.655274","136.089153","䌧{"
"q","։sa14-19","35.6427031","136.0640648","䌧{"
"։։","։sR3-1","35.6329011","136.0216395","䌧{"
"O","։sO33-21-1","35.6471937","136.0664925","䌧{"
"։sZ^[","։sm4-1","35.643801","136.069438","䌧{"
"s","։s54-4-4","35.6353767","136.0873733","䌧{"
"։s܂т","։sJ47-21","35.6095122","136.0452368","䌧{"
"։sqǂBxZ^[","։s41-2-3","35.6564875","136.0441584","䌧{"
"NǗZ^[","։s216-52","35.6424862","136.0535856","䌧{"
"x}Z^[","։s216-52","35.6424862","136.0535856","䌧{"
"։sqđxZ^[","։s{25-20","35.648964","136.0732969","䌧{"
"։sqĎxZ^[","։sVa13-10","35.632653","136.05631","䌧{"
"։sCۈ牀","։sH4-18","35.6577436","136.0701719","䌧{"
"։s͕ۈ牀","։s䖼38-15","35.612373","136.0507999","䌧{"
"։sYۈ牀","։sc34-41-12","35.7448632","136.1002753","䌧{"
"։s邪ۈ牀","։s蒬221-1","35.6483336","136.0785101","䌧{"
"։sۈ牀","։s䴐54-32-1","35.6305319","136.0422204","䌧{"
"։sۈ牀","։s130-238ij","35.6532557","136.0429487","䌧{"
"։sOۈ牀","։sO37-10-1","35.6455767","136.0653747","䌧{"
"։sѕۈ牀","։s13-9-1","35.6239716","136.0460339","䌧{"
"։sۈ牀","։s24-2-1iR2ځj","35.626466","136.071729","䌧{"
"։sۈ牀","։sJ20-3-4","35.6492645","136.0918446","䌧{"
"։sBۈ牀","։sB68-1-1","35.6406001","136.0186175","䌧{"
"։s։ꎙ","։s蒬221-1","35.6483336","136.0785101","䌧{"
"։s","։st1-38","35.6508189","136.0575682","䌧{"
"։sVNu","։sJ20-3-4","35.6492645","136.0918446","䌧{"
"։sNu","։s24-2-1iR2ځj","35.626466","136.071729","䌧{"
"։s쎙Nu","։s䴐54-32-1","35.6305319","136.0422204","䌧{"
"։sNu","։st1-38","35.6508189","136.0575682","䌧{"
"։sNu","։s_40-249","35.6390004","136.0503833","䌧{"
"։s͎Nu","։s䖼70-9-1","35.60934","136.0480086","䌧{"
"։sQ쎙Nu","։s53-1-6","35.615326","136.052209","䌧{"
"։skNu","։s11-94","35.6558245","136.0753992","䌧{"
"։sNu","։s钬8-6","35.6540605","136.0664226","䌧{"
"։sBNu","։sB70-6","35.641207","136.018802","䌧{"
"։s쎙Nu","։s{25-20","35.648964","136.0732969","䌧{"
"։sZ^[","։s42-2-1","35.657026","136.043389","䌧{"
"։sZ^[","։s42-2-1","35.657026","136.043389","䌧{"
"։sNیDcfÏ","։sDc11-9-1","35.602892","136.098799","䌧{"
"։sNیDcfÏo","։s109-17","35.608691","136.143993","䌧{"
"։sNیDcfÏto","։st98-21-18","35.691099","136.117863","䌧{"
"։sNیYfÏ","։sc34-16-1","35.744013","136.100003","䌧{"
"߂݂ȂƊ","։s1-1","35.660079","136.071116","䌧{"
"։ꂫ߂򃊃E|[g","։s91-9-3","35.644136","136.096985","䌧{"
"։S","։s`1-25","35.66079","136.072765","䌧{"
"l̍`@։ꃀ[E","։s蒬44-1","35.662779","136.073489","䌧{"
"V򉻃Z^[","։sV5-9","35.654951","136.080312","䌧{"
"a򐅏","։s_12-1","35.63717","136.060668","䌧{"
"哇v[","։s15-12","35.656215","136.07168","䌧{"
"av쒆v[","։sVa216","35.628266","136.054536","䌧{"
"։wOԏ","։sS֒122","35.644808","136.074396","䌧{"
"⒓ԏ","։s⒬211","35.647733","136.073376","䌧{"
"s։a@","։sO16-60","35.652406","136.064202","䌧{"
"։s։ꐼwZ","։s钬8-6","35.654202","136.065512","䌧{"
"։s։쏬wZ","։s1-10-40","35.65129","136.076539","䌧{"
"։s։kwZ","։s11-94","35.65583","136.075402","䌧{"
"։swZ","։s27-22","35.655387","136.055602","䌧{"
"։swZ","։s_40-249","35.639005","136.050351","䌧{"
"։sBwZ","։sB66-2-10","35.640274","136.019448","䌧{"
"։s{wZ","։s{13-25","35.689232","136.02867","䌧{"
"։sYwZ","։sF33-1-2","35.733437","136.03214","䌧{"
"։sYwZ","։s19-12-1","35.738118","136.100968","䌧{"
"։sԍ菬wZ","։sԍ39-8","35.685374","136.087512","䌧{"
"։sVwZ","։s17-20","35.647925","136.092795","䌧{"
"։swZ","։sÓ38-1-2","35.630974","136.070887","䌧{"
"։s쏬wZ","։s䴐47-11","35.628072","136.040184","䌧{"
"։s쏬wZ","։s31-2-1","35.618649","136.053518","䌧{"
"։s͏wZ","։s䖼25-5","35.614308","136.0488","䌧{"
"։sC䒆wZ","։s1-11-41","35.650762","136.076332","䌧{"
"։spwZ","։sp6-1","35.654908","136.077409","䌧{"
"։s˒wZ","։st1-1","35.652711","136.049633","䌧{"
"։sYwZ","։sF33-1-2","35.733389","136.032092","䌧{"
"։sYwZ","։s19-12-1","35.737846","136.100977","䌧{"
"։s쒆wZ","։sR78-1-1","35.628437","136.048129","䌧{"
"։sn[gtEXN[","։st12-32","35.65146","136.054239","䌧{"
"։s˗ct","։s쒬211-5-5","35.64816","136.04575","䌧{"
"։s։kct","։s11-94","35.655849","136.074935","䌧{"
"։swZHZ^[","։s_12-16","35.636067","136.060293","䌧{"
"UwKZ^[","։sm1-1","35.644193","136.070233","䌧{"
"։s}","։sm2-1","35.644234","136.069834","䌧{"
"vUݏ","։sm1-1","35.644193","136.070233","䌧{"
"NZ^[","։sm1-1","35.644193","136.070233","䌧{"
"։sNR̉","։s80-15","35.610597","136.031097","䌧{"
"։sY","։sܔ32-8-1","35.70842","136.090009","䌧{"
"։sk","։s11-91","35.65591","136.074924","䌧{"
"։s","։s{21-20","35.65069","136.073599","䌧{"
"։s","։sO219-8","35.647866","136.064375","䌧{"
"։s","։s33-12","35.649875","136.090071","䌧{"
"։s","։sHD36-1","35.634083","136.076011","䌧{"
"։s","։sDc37-1","35.600984","136.104171","䌧{"
"։s","։s䖼53-19","35.618497","136.049722","䌧{"
"։s","։s29-19","35.651407","136.056709","䌧{"
"Uە","։s钬10-9","35.653376","136.064724","䌧{"
"։sZ^[","։s7-1","35.659162","136.071199","䌧{"
"։s","։s7-8","35.656551","136.068769","䌧{"
"݂ȂƂ邪Rԉ","։s7-6","35.656839","136.068905","䌧{"
"։s^","։sB149-1","35.641824","136.032586","䌧{"
"։s̈","։st1-2","35.652573","136.048741","䌧{"
"։s","։s11-80","35.655221","136.074106","䌧{"
"։s߂X^WA","։s9-3","35.642199","136.083245","䌧{"
"։sX|[cZ^[","։sJ47-54","35.611944","136.043732","䌧{"
"։sR̈","։sR58-13-1","35.624822","136.033731","䌧{"
"։s̈","։sHD34","35.633342","136.076241","䌧{"
"։sŸ","։s]77-12","35.720969","136.098944","䌧{"
"։sԏejXR[g","։s39-3","35.655317","136.043644","䌧{"
"։sc싅","։s30-1","35.653678","136.054815","䌧{"
"։sԏv[","։s41-1-1","35.656231","136.044103","䌧{"
"Jv[","։s䴐110-3","35.627019","136.038149","䌧{"
"։sv[","։sDc31-3-3","35.602504","136.105834","䌧{"
"lswl̉","ls蒬41","35.4948876","135.7446941","䌧{"
"Hዷ΂ܐH","ls34","35.5014202","135.7377252","䌧{"
"lsӂ邳ƕ̐XZ^[","ls[7-11-1","35.4248055","135.6881584","䌧{"
"ls","ls蒬7-32","35.4963458","135.7462355","䌧{"
"ዷӂꂠZ^[","lsg91Ԓn3","35.4940904","135.7385752","䌧{"
"ΘJ","ls㐣1-6","35.4937572","135.7477966","䌧{"
"NǗZ^[","ls쒬4-31","35.4937905","135.7538627","䌧{"
"v{𗬃Z^[","ls[K43-10-1","35.5321592","135.7646648","䌧{"
"lsTCNOZ^[","ls~8434","35.4849674","135.7813387","䌧{"
"킩{̋@lG؊","lsav24-25-1","35.4925187","135.7623648","䌧{"
"ls}","lsl112Ԓn@颋Ɩ@4`6K","35.4955957","135.7420442","䌧{"
"s̈","ls㐣938","35.4944599","135.7520379","䌧{"
"^","lsc5-23","35.4582495","135.725368","䌧{"
"lct","ls14-3","35.4997148","135.7415277","䌧{"
"lwZ","lswO13-29","35.4918156","135.7510628","䌧{"
"_lwZ","ls23-9","35.5056112","135.7426909","䌧{"
"ÏwZ","lsk18-19","35.5138746","135.7543264","䌧{"
"OCwZ","ls[K45-9","35.5312761","135.7648314","䌧{"
"xwZ","lsg27-15","35.5009068","135.7737253","䌧{"
"{쏬wZ","ls|14-10-3","35.4968669","135.8182607","䌧{"
"iwZ","ls30-1","35.4749077","135.7951766","䌧{"
"~wZ","ls~72-17","35.4789541","135.7814442","䌧{"
"xwZ","lsav29-15-1","35.4861998","135.7564903","䌧{"
"cwZ","ls43-15","35.456019","135.7156079","䌧{"
"cwZ","lsc10-1","35.4304545","135.6623491","䌧{"
"lwZ","lsѐ59-32","35.4826804","135.6773608","䌧{"
"lwZ","ls_l21-1","35.5073752","135.7465604","䌧{"
"l񒆊wZ","ls㐣8-10","35.4944321","135.7489048","䌧{"
"","ls蒬5-31","35.4962485","135.7444496","䌧{"
"_l","ls25-16","35.5055059","135.7436718","䌧{"
"Ì","lsk22-2","35.5131052","135.7532794","䌧{"
"x","lsIc11-3-2","35.5000098","135.7735059","䌧{"
"{","ls2-17-2","35.4929229","135.8211132","䌧{"
"i","ls28-7","35.4742217","135.7960766","䌧{"
"~","ls~71-8","35.4781182","135.7810415","䌧{"
"x","lsav26-9","35.4871136","135.7569624","䌧{"
"c","ls41-9","35.4547941","135.7147162","䌧{"
"c","lsc50-19","35.4270841","135.6711825","䌧{"
"l","lsl30-35","35.4807027","135.670389","䌧{"
"ዷv[","lsk35-17","35.5144773","135.7561736","䌧{"
"yj","ls蒬4-20","35.4950598","135.7447162","䌧{"
"Z^[","ls~2102","35.4837704","135.784658","䌧{"
"RoqLO","ls110-7","35.4984983","135.747041","䌧{"
"l򉻃Z^[","ls24","35.5017536","135.7415154","䌧{"
"ዷ","ls21-6-3","35.4857827","135.7265234","䌧{"
"N[Z^[","lsJc63-5","35.4785772","135.7364687","䌧{"
"qǗ","lsѐ3-1","35.4884607","135.694743","䌧{"
"TCNvU","ls[J25-20-1","35.4199452","135.6973381","䌧{"
"Ǝq̉ƎBxZ^[","ls㐣1-5","35.4936627","135.7480327","䌧{"
"qĎxZ^[","ls؍14-1-1","35.4869606","135.7575041","䌧{"
"lqǂ","ls14-3","35.4997148","135.7415277","䌧{"
"_lۈ牀","ls11-143","35.5036672","135.7474882","䌧{"
"Õۈ牀","lsk22-2","35.5131052","135.7532794","䌧{"
"OCۈ牀","lsb22-33","35.5285483","135.7544765","䌧{"
"xۈ牀","lsIc17-12","35.5005903","135.7744336","䌧{"
"{ۈ牀","ls|14-13-5","35.4965336","135.8187078","䌧{"
"iۈ牀","ls28-8-2","35.4739662","135.7963542","䌧{"
"~ۈ牀","ls~71-8","35.4779871","135.7809986","䌧{"
"cۈ牀","ls45-8","35.4577362","135.7189083","䌧{"
"cۈ牀","lsac13-40","35.4264829","135.6760537","䌧{"
"lۈ牀","lsѐ58-15","35.4832665","135.677347","䌧{"
"CZ^[","lsC37-16","35.5398889","135.7229088","䌧{"
"{쎙","ls|1-7-2","35.4933284","135.8210659","䌧{"
"~Z^[","ls~1202","35.4845258","135.7814193","䌧{"
"c","ls[7-11","35.425111","135.6881252","䌧{"
"l","lsѐ58-14","35.4833609","135.6769137","䌧{"
"lݕۑ","lsl40Ԓn","35.4930688","135.7387866","䌧{"
"݂ƐH̊","lsl108","35.4913212","135.7336645","䌧{"
"㏯فE_PZ^[","s43-2","35.9490442","136.5228184","䌧{"
"","s钬9-1","35.9861826","136.4857028","䌧{"
"","s66-1","35.9956232","136.4680128","䌧{"
"فEΘJNz[EΘJґ̈Z^[","s쒬31-16","35.992729","136.4914744","䌧{"
"J","s11-14","35.9849014","136.5740654","䌧{"
"xcفE_ƎҌNǗZ^[","s42-6-1","35.9909168","136.5398636","䌧{"
"RفE_wl̉","s10-9","35.9609093","136.4917965","䌧{"
"܉ӌفEӂ邳ƎR̉","s13-1-5","35.9674842","136.5970457","䌧{"
"aفERJZ^[","s17-5","35.9061174","136.6665144","䌧{"
"s_ыƎ҃g[jOZ^[","s34-3","35.9019794","136.6591698","䌧{"
"kZ^[","sz3701","35.991696","136.498604","䌧{"
"Z^[","s6-20","35.9839996","136.4851917","䌧{"
"Z^[","s801","35.9848222","136.504534","䌧{"
"암Z^[","sg9-8","35.9803919","136.49496","䌧{"
"a򎙓Z^[","s25-7","35.905223","136.6626567","䌧{"
"cLOLI","sV_1-19","35.9788087","136.4872637","䌧{"
"s","sL11-10","35.9837445","136.5001483","䌧{"
"s}","sV_2-4","35.9805889","136.4892413","䌧{"
"{萴Cg̗","s8-44","35.9754371","136.4912745","䌧{"
"sNZ^[","s57-6-1","35.9998447","136.496346","䌧{"
"sEƌPZ^[","sp11601-1","35.9851972","136.5058172","䌧{"
"sBGCmZ^[","s43-17-1","35.9491358","136.5236628","䌧{"
"sGLTCgLꑍ̈{","s˒601","35.9716769","136.5034313","䌧{"
"aOEh","s썇9-9","35.906448","136.6699446","䌧{"
"sä","s[38-16","35.8830775","136.6075024","䌧{"
"saejX","s썇9-9","35.906448","136.6699446","䌧{"
"sDAINOUX|[ch","s[38-16","35.8830827","136.6080701","䌧{"
"UwKZ^[","s钬9-1","35.9861826","136.4857028","䌧{"
"soCu[","s钬9-1","35.9861826","136.4857028","䌧{"
"an摍Z^[","s25-7","35.9052838","136.6623509","䌧{"
"","sV݉26-101","36.0123053","136.5129025","䌧{"
"ӂ邳ƌZCt̍LTX|[ch","sZCt169-53","36.0199732","136.5738321","䌧{"
"zÔ܂Ȃ𗬃Z^[","sϒ3-37","35.9838024","136.4869611","䌧{"
"쉮","s1-2","35.9850661","136.4872333","䌧{"
"zǑXe[ViyEˎBj","sϒ3-28","35.9847745","136.4870026","䌧{"
"snYH{","s26-1","35.9044932","136.6631787","䌧{"
"X^[h","s1-4","35.9903343","136.5811562","䌧{"
"sc̐X","sc16-11","35.9129885","136.4668303","䌧{"
"sߕPΐNs(n)","s28","35.872454","136.5063552","䌧{"
"n𗬃Z^[tA[a","sR63-2-24","35.9221209","136.6449972","䌧{"
"ۗ{ً㓪򕽐̓","sR63-2-24","35.9223034","136.6462364","䌧{"
"㓪ۗ{̗Re[W","sR63-2-24","35.9232222","136.6464992","䌧{"
"㓪x{n㓪XL[","sp14-3","35.8980634","136.6552406","䌧{"
"㓪x{nhɃp[Nze㓪","sp14-3","35.898385","136.6525691","䌧{"
"aOƑs","sOnW","35.9466512","136.7074651","䌧{"
"Vt@~[p[N","s3","35.9264771","136.6905587","䌧{"
"r","sŔg","36.0630114","136.7158412","䌧{"
"zӂꂠ","s70-46","35.964261","136.4961495","䌧{"
"s̉w㓪iόYWZ^[EYE_𗬍Lj","s26-3-3","35.9046495","136.6622948","䌧{"
"s̉w㓪aӂꂠ","s26-30-1","35.9042975","136.6614526","䌧{"
"sZCtRy","sZCt169-124","36.0131548","136.5763249","䌧{"
"sj","sV_2-4","35.9810187","136.4888819","䌧{"
"s","s钬2-13","35.9848967","136.4844835","䌧{"
"zO","s钬3-109","35.9866156","136.4830994","䌧{"
"Ɖ~R","s钬10-7","35.9856216","136.4867139","䌧{"
"a򋽓y","s25-7","35.9053663","136.6629571","䌧{"
"n","s24-9","35.9046285","136.6601472","䌧{"
"J","s24-9","35.9049331","136.660518","䌧{"
"^e̓","^͐~","35.9898304","136.516993","䌧{"
"sejX","s˒604","35.9722149","136.5025305","䌧{"
"sQ[g{[","s钬3-61","35.985976","136.4814591","䌧{"
"s؍ލH|iH{","s썇20-8","35.9064495","136.670013","䌧{"
"Rs","Rs111","36.0609227","136.500548","䌧{"
"Rss𗬃Z^[","RsА1402Ԓn","36.0533352","136.5155302","䌧{"
"kۈ牀","Rs2322","36.064164","136.5014922","䌧{"
"򎛕ۈ牀","Rs򎛒򎛑16445Ԓnb","36.035546","136.531465","䌧{"
"ۈ牀","RsJ5047Ԓn","36.091754","136.494033","䌧{"
"NZ^[u₩v","RsS1150","36.0689244","136.4963648","䌧{"
"퐼","Rsa1681(Rs퐼wZ)","36.061878","136.505431","䌧{"
"쎙Z^[","Rs21725","36.0551652","136.5046228","䌧{"
"쎙","Rs31038(Rs쏬wZ)","36.050141","136.505337","䌧{"
"","RsS291(RswZ)","36.0725547","136.503564","䌧{"
"kZ^[","RskⓌ291Ԓn1","36.0862736","136.4121668","䌧{"
"JZ^[","RsJ{3123Ԓn","36.0562588","136.4641014","䌧{"
"ryz[","Rsryc83Ԓn","36.0814616","136.4759605","䌧{"
"","RsJ50-16","36.0920243","136.4942526","䌧{"
"xH","RsxHܑ4855Ԓn","36.041555","136.49468","䌧{"
"򎛎","Rs򎛒򎛑16718Ԓn","36.0342906","136.5314678","䌧{"
"qĎxZ^[","RsА1402Ԓn","36.0533352","136.5155302","䌧{"
"Rscv[","RsА1303Ԓn1","36.0548128","136.5137831","䌧{"
"ΘJwlZ^[","RsS3415Ԓn","36.0733628","136.4959424","䌧{"
"≮I[gLv","Rsk≮","36.112321","136.4389575","䌧{"
"RZ^[umԁv","Rsy3011Ԓn","36.074427","136.5145213","䌧{"
"͂LOفu߂[ꏟRv","Rsa1740","36.06136","136.501863","䌧{"
"Rs؍݌^RxV{݁uRj[zev","RsА2114Ԓn","36.0500995","136.5147276","䌧{"
"RsR̐X","RskJJ1173-1","36.110967","136.587819","䌧{"
"`}Sh","Rs51-11","36.0831784","136.5094269","䌧{"
"Rsh{","RsR227","36.069388","136.506589","䌧{"
"퐼wZ","Rsa1681","36.0618783","136.5054308","䌧{"
"쏬wZ","Rs31038","36.0501408","136.5053367","䌧{"
"򎛏wZ","Rs򎛒򎛑16412Ԓn","36.03586","136.5323177","䌧{"
"wZ","RsS291","36.0725547","136.503564","䌧{"
"wZ","RsJ509Ԓn","36.0921354","136.4949498","䌧{"
"rywZ","Rsryɔg228Ԓn","36.082718","136.474651","䌧{"
"JwZ","RsJ{341Ԓn","36.0564754","136.4651874","䌧{"
"OwZ","RsxHܑ4067Ԓn","36.040021","136.492651","䌧{"
"kwZ","Rsk1325Ԓn","36.0862769","136.4287735","䌧{"
"RwZ","RsS1334","36.0696745","136.5001783","䌧{"
"RkwZ","Rsryɔg212Ԓn","36.0781814","136.4647089","䌧{"
"R암wZ","Rsщ3401Ԓn","36.047408","136.511203","䌧{"
"ct","Rs21838","36.0551568","136.5027452","䌧{"
"ct","RsS2227","36.072092","136.504944","䌧{"
"RsNZ^[","Rs1151","36.0588924","136.5012313","䌧{"
"Rs","Rs156","36.0619004","136.5010646","䌧{"
"򎛌","Rs򎛒򎛑170110Ԓn","36.0343656","136.5309679","䌧{"
"쐣","Rsks74Ԓn","36.0432057","136.5101115","䌧{"
"J","RsJ{317Ԓn","36.0564976","136.4645347","䌧{"
"","RsJ151Ԓn","36.0902661","136.4911585","䌧{"
"ry","Rsryc84Ԓn","36.0813144","136.4761327","䌧{"
"k","Rsk1824Ԓn","36.085433","136.434528","䌧{"
"kJ","RskJkZCt116Ԓn","36.104082","136.5543825","䌧{"
"","RsS227","36.0715465","136.5031557","䌧{"
"xH","RsxHܑ4842Ԓn","36.042057","136.495054","䌧{"
"Rs닅","Rsa1666","36.0626282","136.5053614","䌧{"
"Rs|","Rsa1613","36.0626421","136.5055808","䌧{"
"Rs","Rs1195","36.0590174","136.5000786","䌧{"
"RCmZ^[","RsryVۑ8101Ԓn","36.0743097","136.4847211","䌧{"
"Rsc̈","Rsa2262","36.0632505","136.5082416","䌧{"
"RsыƎҌNg[jOZ^[","Rsщ1408Ԓn","36.043824","136.511098","䌧{"
"RΘJN̈Z^[","Rsa1613","36.0626421","136.5055808","䌧{"
"R","Rs156","36.0619004","136.5010646","䌧{"
"ٓVΒnOEh","Rs105(͐~)","36.058359","136.494486","䌧{"
"RsROEh","RsR111","36.067933","136.507561","䌧{"
"ЌړIL","Rsщ1801Ԓn","36.050018","136.51107","䌧{"
"Rs}","Rsa1728","36.0617616","136.5038115","䌧{"
"؉ƏZ","Rskɒmn5-3","36.0908651","136.4248431","䌧{"
"R򎛗jTVف@܂ق","Rs򎛒򎛑662Ԓn12","36.043587","136.535714","䌧{"
"ۈ牀","Rsh27-6","36.062185","136.494164","䌧{"
"PCe[ۈ牀","Rs18-17","36.0608145","136.5015784","䌧{"
"ۈ牀","Rs11-56","36.057006","136.505448","䌧{"
"낫ۈ牀","RsF쒬23-19","36.069433","136.502311","䌧{"
"ۈ牀","Rs27-28","36.0561623","136.5031701","䌧{"
"ۈ牀","Rsryʏ33-49","36.083872","136.475291","䌧{"
"Jۈ牀","RsJۓc99-31-2","36.0705851","136.4644009","䌧{"
"k킵̂ۈ牀","Rsk28-45","36.0845049","136.4296291","䌧{"
"܎qǂ̑wZ","RskJ͍5-3","36.1083315","136.5631068","䌧{"
"܎qǂ̑wZ","RskJ͍5-3","36.1083315","136.5631068","䌧{"
"RsQ[g{[","RsR111","36.067933","136.507561","䌧{"
"Rs","Rs1516","36.0612866","136.5000841","䌧{"
"RNXJg[R[X","Rs51-11","36.083178","136.509427","䌧{"
"Rsa݂̓m","Rsa291","36.0650476","136.5125968","䌧{"
"Rsӂ邳ƐXъ","Rs錩217Ԓn","36.0840397","136.5263338","䌧{"
"I]s","I]sRP31","35.956509","136.184193","䌧{"
"I]s̊","I]s22528","35.962042","136.186488","䌧{"
"I]sz","I]s271","35.947885","136.179382","䌧{"
"I]sR","I]s389","35.950586","136.180948","䌧{"
"킾@|[[킾","I]s͓1937Ԓn2","35.947934","136.300829","䌧{"
"I]szO`YƉف@邵̗","I]sܒ401Ԓn2","35.953189","136.273891","䌧{"
"I]sZ^[","I]sI]371","35.943479","136.198975","䌧{"
"I]sACACI]ENZ^[","I]s2301","35.961634","136.187786","䌧{"
"I]s݂炢فE΂","I]sOZ1420","35.970744","136.179357","䌧{"
"I]s܂Ȃׂ̊","I]s򎛒1920","35.953482","136.184395","䌧{"
"I]sΘJNz[","I]s2242","35.959907","136.186851","䌧{"
"I]sӂꂠ݂Ȃ̊فE΂","I]sI]141","35.93766","136.179764","䌧{"
"I]sNw","I]sM}423Ԓn1","35.962936","136.206689","䌧{"
"I]s","I]s莟108Ԓn","35.938558","136.198105","䌧{"
"I]sҌẻ","I]s{4615","35.949605","136.184163","䌧{"
"I]sxZ^[iGRlbg΂j","I]s쒬7311Ԓn","35.954605","136.208493","䌧{"
"I]s𗬃Z^[","I]s򎛒1920","35.953899","136.184352","䌧{"
"I]sz[","I]s{2216","35.946249","136.185059","䌧{"
"OZ@_","I]s_284","35.97253","136.183083","䌧{"
"I]s̈","I]sI]3610","35.944347","136.197709","䌧{"
"I]sX|[c𗬊","I]s{O291","35.930939","136.18408","䌧{"
"I]s_NX|[cZ^[","I]sk쒬167Ԓn","35.968774","136.174522","䌧{"
"I]sґ̈","I]s{513","35.983722","136.172514","䌧{"
"I]sR싅","I]s1","35.960065","136.181292","䌧{"
"I]sOEh","I]sL蒬1","35.943345","136.177247","䌧{"
"I]sKOEh","I]sK4","35.977004","136.188754","䌧{"
"I]sOEh","I]sΓc㒬","35.971373","136.165504","䌧{"
"I]sROEh","I]sܒ60","35.956375","136.278753","䌧{"
"I]sێRړIL","I]sێR4","35.956753","136.278491","䌧{"
"I]L搼ԃX|[cZ^[","I]sԒ1527Ԓn","35.983957","136.179277","䌧{"
"I]s_ejXR[g","I]s_3","35.991137","136.159653","䌧{"
"I]sRejXR[g","I]sܒ68-36","35.975823","136.188497","䌧{"
"I]sQ[g{[","I]sI]36-10","35.941814","136.200709","䌧{"
"I]sQ[g{[Z^[","I]s225-10?","35.961887","136.185749","䌧{"
"I]sOZ","I]sOZ22-40","35.97346","136.180379","䌧{"
"I]s|","I]s{619Ԓn","35.982832","136.173582","䌧{"
"I]sԃLv","I]sԒ","35.951855","136.299219","䌧{"
"I]s䴐cXL[","I]s䴐c","35.94452","136.280443","䌧{"
"I]sRۈ珊","I]s̏o637Ԓn","35.942532","136.18599","䌧{"
"I]scۈ珊","I]s{4617","35.949111","136.184433","䌧{"
"I]s_ۈ珊","I]sOZ1112","35.968342","136.178794","䌧{"
"I]s͕ۈ珊","I]s쒬208Ԓn1","35.95456","136.210418","䌧{"
"I]s݂ٕۈ珊","I]s͒[4743Ԓn","35.968675","136.198234","䌧{"
"I]sҕۈ珊","I]s{334Ԓn1","35.983614","136.173715","䌧{"
"I]sΓcۈ珊","I]sΓc㒬441Ԓn","35.979567","136.160838","䌧{"
"I]sgۈ珊","I]sq520Ԓn","35.962909","136.156472","䌧{"
"I]s킾ۈ珊","I]s䴐c105Ԓn1","35.946254","136.27233","䌧{"
"I]sqĎxZ^[","I]s3720","35.95002","136.183051","䌧{"
"I]s䂽ǂ","I]sc29Ԓn","35.942395","136.151281","䌧{"
"I]sI]ct","I]s̏o637Ԓn","35.942484","136.185995","䌧{"
"I]sict","I]s򎛒1919","35.953133","136.184343","䌧{"
"I]sI]ct","I]sV]2637","35.939357","136.198445","䌧{"
"I]s_ct","I]sOZ1824","35.971834","136.178422","䌧{"
"I]sЏct","I]s쒬166Ԓn","35.974298","136.231549","䌧{"
"I]skRct","I]sˌ911Ԓn4","35.953388","136.24418","䌧{"
"I]sɉAwZ","I]s̏o637Ԓn","35.942341","136.186542","䌧{"
"I]siwZ","I]s򎛒251","35.954306","136.185378","䌧{"
"I]sI]wZ","I]sV]2637Ԓn","35.939617","136.198815","䌧{"
"I]s_wZ","I]s41323","35.970335","136.184101","䌧{"
"I]sHwZ","I]s_4138","35.979221","136.188027","䌧{"
"I]s͏wZ","I]s쒬7316Ԓn","35.95429","136.208658","䌧{"
"I]sЏ㏬wZ","I]s쒬166Ԓn","35.973756","136.231683","䌧{"
"I]sҏwZ","I]s{15Ԓn","35.983888","136.169976","䌧{"
"I]sg쏬wZ","I]sq221Ԓn","35.961902","136.157322","䌧{"
"I]sLwZ","I]sc3929Ԓn","35.943696","136.151343","䌧{"
"I]skRwZ","I]s镔2511Ԓn","35.953387","136.243052","䌧{"
"I]s͘acwZ","I]sܒ678Ԓn","35.953079","136.278772","䌧{"
"I]sI]wZ","I]s2121","35.952001","136.175004","䌧{"
"I]swZ","I]sOZ1150","35.96949","136.180165","䌧{"
"I]szwZ","I]s䒬327Ԓn","35.951083","136.22999","䌧{"
"I]sI]","I]s1116","35.945387","136.183129","䌧{"
"I]sV]","I]sz143Ԓn2","35.942024","136.200731","䌧{"
"I]s_","I]sOZ1412","35.970727","136.178959","䌧{"
"I]s͌","I]s쒬203Ԓn8","35.956213","136.208984","䌧{"
"I]sЏ","I]s쒬68Ԓn1","35.973656","136.230857","䌧{"
"I]sҌ","I]s{702Ԓn2","35.983106","136.174076","䌧{"
"I]sg","I]sq514Ԓn1","35.96307","136.157338","䌧{"
"I]sL","I]sc268Ԓn1","35.945984","136.152168","䌧{"
"I]skR","I]s䒬4133Ԓn1","35.951798","136.23","䌧{"
"I]s͘ac","I]s͘ac196Ԓn1","35.951021","136.274053","䌧{"
"I]s㐅ǗZ^[","I]sI]7230Ԓn","35.928045","136.177039","䌧{"
"I]sqZ^[()","I]sԒ19","35.994701","136.159436","䌧{"
"I]sόē","I]s̏o1-2","35.942603","136.188871","䌧{"
"s","ssP311","36.211361","136.229012","䌧{"
"ЉZ^[","ssP1919","36.212684","136.231334","䌧{"
"یZ^[","se1313Ԓn","36.223862","136.203661","䌧{"
"VlZ^[@sP","ssP2316","36.215614","136.227023","䌧{"
"VlZ^[@S","sʑ3231Ԓn","36.22259","136.193617","䌧{"
"É_Pu","st{32821","36.21996","136.227531","䌧{"
"","ssP1918","36.212542","136.230989","䌧{"
"Ɉ","s124Ԓn","36.197455","136.249441","䌧{"
"k","sk1501Ԓn","36.258981","136.22584","䌧{"
"؍]","sk6101Ԓn1","36.198038","136.268741","䌧{"
"{","sԉԓn15Ԓn","36.207058","136.203472","䌧{"
"g","sg834Ԓn","36.28737","136.253203","䌧{"
"טC،","s6321Ԓn","36.239881","136.255455","䌧{"
"̂܂","sʑ3216Ԓn","36.222359","136.194498","䌧{"
"x","s1810Ԓn","36.202772","136.284575","䌧{"
"wZ","scX225Ԓn","36.221831","136.192662","䌧{"
"kwZ","sk3511Ԓn","36.236488","136.221921","䌧{"
"gwZ","sg251Ԓn","36.262158","136.201401","䌧{"
"VwZ","sl11Ԓn","36.210341","136.178202","䌧{"
"{wZ","s71Ԓn","36.206855","136.195826","䌧{"
"ÏwZ","sԔTm1201","36.218541","136.225667","䌧{"
"טC؏wZ","s638Ԓn","36.24012","136.253652","䌧{"
"Ɉ䏬wZ","s1324Ԓn","36.197621","136.248121","䌧{"
"g菬wZ","sg855Ԓn","36.287039","136.253851","䌧{"
"ÓwZ","s1810Ԓn","36.1973","136.268622","䌧{"
"wZ","sM275Ԓn","36.233691","136.1925","䌧{"
"ÒwZ","ssP151","36.21","136.232564","䌧{"
"×ct","sԔTm1202","36.218283","136.225089","䌧{"
"טCؗct","s638Ԓn","36.24012","136.253652","䌧{"
"Ɉct","s1324Ԓn","36.197621","136.248121","䌧{"
"gct","sg855Ԓn","36.287039","136.253851","䌧{"
"Óct","s1810Ԓn","36.1973","136.268622","䌧{"
"טCؕۈ珊","s6325Ԓn","36.240028","136.25486","䌧{"
"qĎxZ^[","se1313Ԓn","36.223862","136.203661","䌧{"
"c","se1313Ԓn","36.223862","136.203661","䌧{"
"Óۈ珊","s1718Ԓn","36.197708","136.270288","䌧{"
"kc","sk3617Ԓn2","36.261519","136.223349","䌧{"
"{c","s71Ԓn","36.206855","136.195826","䌧{"
"Õۈ珊","st{32420","36.219433","136.229847","䌧{"
"Ɉۈ珊","s2127Ԓn1","36.196674","136.248966","䌧{"
"}","s3221Ԓn","36.222401","136.194381","䌧{"
"Ð}","st{214-1","36.217241","136.229925","䌧{"
"_Ǝ҃g[jOZ^[","se231Ԓn","36.228936","136.206871","䌧{"
"ÒwZOEh","ssP151","36.21","136.232564","䌧{"
"s","sM281Ԓn","36.233186","136.192067","䌧{"
"eOEh","se231Ԓn","36.233186","136.192067","䌧{"
"ÂafCmZ^[̈","ssP152","36.210573","136.230756","䌧{"
"̂܂OEh","scX225Ԓn","36.221831","136.192662","䌧{"
"s{Q[g{[","s71Ԓn","36.206855","136.195826","䌧{"
"`OEh","s`2198Ԓn","36.240111","136.242684","䌧{"
"s","sK3026Ԓn","36.191658","136.256779","䌧{"
"s","ssP1919@","36.212633","136.231661","䌧{"
"sÒ","sa11420","36.213836","136.225201","䌧{"
"s","sM765Ԓn","36.232288","136.292692","䌧{"
"ΘJNz[","ssP1920","36.212742","136.231728","䌧{"
"牷򓒂̂܂L","s1203","36.223159","136.193851","䌧{"
"Ñn̐X","s{J57-2-19","36.230666","136.261224","䌧{"
"ZgsA","s4305Ԓn","36.225795","136.194059","䌧{"
"̒","zOsH","35.902259","136.165939","䌧{"
"","zOs畟20","35.889921","136.15768","䌧{"
"g","zOs畟21-12","35.890257","136.156704","䌧{"
"ӂ邳ƂÂԎU","zOs畟","35.89006","136.15839","䌧{"
"M[f","zOs畟17-17","35.889015","136.158792","䌧{"
"zO̗^쉑","zOs]쒬55-1","35.885433","136.23768","䌧{"
"t","zOs]쒬55-1","35.885437","136.23768","䌧{"
"J","zOs]쒬","35.885214","136.238985","䌧{"
"➌","zOsc17-20","35.919933","136.236986","䌧{"
"R","zOs쉪","35.922946","136.244794","䌧{"
"̕","zOsV݉ƒ11-12","35.910328","136.246171","䌧{"
"K̍H|","zOsV݉ƒ9-21-2","35.911192","136.244818","䌧{"
"psX","zOsV݉ƒ8-44","35.911297","136.243307","䌧{"
"Y","zOsk≺5-23","35.922486","136.270293","䌧{"
"_ЁE_","zOs꒬QR?PO","35.906795","136.253231","䌧{"
"zOŐn","zOszOsrm㒬49-1-3","35.876098","136.146263","䌧{"
"^PtiCtrbW","zOs]쒬QQ?XP","35.887946","136.236576","䌧{"
"zOs","zOs2","","","䌧{"
"cN̐X","zOsʈ19-1-1","35.887937","136.30799","䌧{"
"R","zOssӒ36-84@","35.887894","136.056109","䌧{"
"zL","zOs{5-3","35.920405","136.080898","䌧{"
"","zOs蒬35","35.864231","136.141114","䌧{"
"ȑXуX|[cѓ","zOsrm㒬","35.870882","136.131163","䌧{"
"؎RO[h","zOsČ58-25","35.866274","136.057498","䌧{"
"ԉ y","zOs蒬68-8","35.863418","136.144574","䌧{"
"Ђ̐܂ꂽ","zOsV4-14","35.899907","136.166927","䌧{"
"Ƃ@ӂ邳ƊG{فuΐ΁i炭jv","zOs1147","35.895869","136.156971","䌧{"
"GRrbW𗬃Z^[","zOsJ25-25-2","35.860105","136.086783","䌧{"
"LO","zOsH8-8","35.901639","136.168301","䌧{"
"܂Č|p","zOsc11-1-1","35.918715","136.247292","䌧{"
"zOs}","zOs27-24","35.898976","136.159068","䌧{"
"zOs}","zOsF21-3-1","35.919206","136.2472","䌧{"
"όE̋Zē","zOs{12-3","35.902865","136.170446","䌧{"
"܂ȂvU","zOsH3-1","35.903099","136.166552","䌧{"
"","zOs{113-15","35.903977","136.169371","䌧{"
"","zOs25-35","35.902094","136.156504","䌧{"
"","zOs12-27","35.895286","136.164092","䌧{"
"_R","zOsL102-55-2","35.885877","136.135508","䌧{"
"g","zOs{ے19-6","35.926413","136.158231","䌧{"
"","zOs2324-13","35.911333","136.18978","䌧{"
"咎","zOsO13-20-1","35.907662","136.141535","䌧{"
"","zOsJ24-18-1","35.859979","136.087078","䌧{"
"qی","zOslYے65-2-1","35.86753","136.168794","䌧{"
"kV","zOsk54-25","35.91288","136.211017","䌧{"
"k","zOs21-11","35.88965","136.188642","䌧{"
"^","zOs^쒬7-2-1","35.887603","136.226381","䌧{"
"R","zOssӒ36-84","35.887981","136.055793","䌧{"
"➌","zOsc17-20","35.919101","136.238569","䌧{"
"{","zOsF10-2-2","35.913864","136.244867","䌧{"
"쒆R","zOs21-7-1","35.929177","136.248064","䌧{"
"Ԍ","zOsؒ12-39-1","35.93477","136.263819","䌧{"
"㑾cۈ牀","zOs㑾c11-2","35.9005456","136.1513068","䌧{"
"kۈ牀","zOs16-4","35.8889481","136.1876648","䌧{"
"kVۈ牀","zOsk38-6","35.9139819","136.2090834","䌧{"
"Ƌvۈ牀","zOsƋv94-2-1","35.9225518","136.1669213","䌧{"
"Ȃ悵ۈ牀","zOs24-14","35.8990905","136.1609142","䌧{"
"{ۈ牀","zOs{5-26","35.9084025","136.2451321","䌧{"
"쒆Rۈ牀","zOsÎR41-13-2","35.9295393","136.2459344","䌧{"
"ԕۈ牀","zOsؒ12-34","35.9355276","136.2640187","䌧{"
"tۈ牀","zOsܕs3-6-1","35.8913517","136.227798","䌧{"
"Ȃɂۈ牀","zOs{35-12","35.9072564","136.1687188","䌧{"
"{ۈ牀","zOs{89-29-1","35.9120281","136.0776142","䌧{"
"킩ۈ牀","zOsX18-7-2","35.9057254","136.1459989","䌧{"
"悩ۈ牀","zOsؒ12-7-1","35.9282074","136.1904939","䌧{"
"ۈ牀","zOs|12-23","35.893122","136.1671582","䌧{"
"ۈ牀","zOs㒬9-5","35.9060595","136.1717213","䌧{"
"ۈ牀","zOsVے32-10","35.9072809","136.1517593","䌧{"
"ۈ牀","zOs19-8","35.9070625","136.1829981","䌧{"
"ۈ牀","zOs24-3","35.8946383","136.1611365","䌧{"
"ۈ牀","zOs蒬33-2-1","35.8642723","136.1469667","䌧{"
"ۂەۈ牀","zOsv7-3-1","35.8885919","136.1641503","䌧{"
"^ۈ牀","zOsؒ28-3","35.8859107","136.2267871","䌧{"
"_Rۈ牀","zOsL132-3-1","35.8897551","136.1421332","䌧{"
"킽וۈ牀","zOsc46-2","35.9133547","136.2405742","䌧{"
"ct","zOs{29-12","35.9084868","136.1685104","䌧{"
"ct","zOs22-13","35.9025706","136.1581421","䌧{"
"_Rct","zOsL102-43","35.8857334","136.1360452","䌧{"
"gct","zOs{ے19-9-1","35.9255845","136.1585719","䌧{"
"ct","zOs2319-3","35.9123647","136.1870559","䌧{"
"咎ct","zOsO17-1-3","35.9073334","136.1422993","䌧{"
"ct","zOsJ24-25","35.8589351","136.0868953","䌧{"
"qۗct","zOsh5-14","35.8661114","136.1674812","䌧{"
"kct","zOs16-4","35.8889481","136.1876648","䌧{"
"^ct","zOsr9-1","35.8905074","136.2328142","䌧{"
"Rct","zOs㐙{15-3-1","35.8866249","136.0533762","䌧{"
"쒆Rct","zOsÎR41-13-2","35.9295393","136.2459344","䌧{"
"ԗct","zOsؒ12-34","35.9355276","136.2640187","䌧{"
"{ct","zOsF11-4-1","35.9148629","136.2440404","䌧{"
"䐶ct","zOs33-5","35.9033484","136.1621306","䌧{"
"䐶_Rct","zOsOc45","35.8879279","136.1589008","䌧{"
"bct","zOsZg3-29","35.8990352","136.1689968","䌧{"
"Ђct","zOsŌ41-30","35.9189409","136.1605081","䌧{"
"cct","zOsc46-2","35.9133547","136.2405742","䌧{"
"wZ","zOs{29-12","35.9085535","136.1684854","䌧{"
"wZ","zOs22-13","35.9025706","136.1581365","䌧{"
"쏬wZ","zOsP3-20","35.8943384","136.1641751","䌧{"
"_RwZ","zOsL102-43","35.8857389","136.1360729","䌧{"
"g쏬wZ","zOs{ے17-1","35.9258039","136.1572887","䌧{"
"wZ","zOs115-5","35.9123452","136.185906","䌧{"
"咎wZ","zOsX14-15","35.9062113","136.1418577","䌧{"
"wZ","zOsJ24-25","35.8589601","136.0869425","䌧{"
"qۏwZ","zOsh5-14","35.8660892","136.1677618","䌧{"
"k쏬wZ","zOsJ2-2","35.8894703","136.190545","䌧{"
"kVwZ","zOsk47-6","35.9139541","136.2100082","䌧{"
"^쏬wZ","zOsr9-1","35.8905768","136.233153","䌧{"
"RwZ","zOssӒ24-2","35.8880386","136.0528623","䌧{"
"➏wZ","zOsc41-12","35.91411951","136.2404566","䌧{"
"{wZ","zOsF10-15","35.9151407","136.2451764","䌧{"
"쒆RwZ","zOsÎR38-13-2","35.9296532","136.2467232","䌧{"
"ԏwZ","zOsؒ12-11","35.9354387","136.2650603","䌧{"
"ꒆwZ","zOso16-1","35.9079505","136.1582836","䌧{"
"񒆊wZ","zOs@42-15","35.8873808","136.1603757","䌧{"
"񒆊wZZ","zOsJ24-25","35.8589601","136.0869425","䌧{"
"OwZ","zOs23-56","35.9057069","136.1760154","䌧{"
"twZ","zOs48-18","35.8922929","136.2135887","䌧{"
"ܒwZ","zOssӒ36-73","35.8885387","136.0569397","䌧{"
"ZwZ","zOslYے16-1","35.8657389","136.159232","䌧{"
"zwZ","zOs쉪28-4","35.9266841","136.249709","䌧{"
"sړICZ^[","s䒬V1-1","36.166666","136.231944","䌧{"
"O","sOk{2133","36.2175","136.148888","䌧{"
"Y","sOh325","36.224444","136.138888","䌧{"
"ˌ","sOˑ1367Ԓn7","36.230833","136.167777","䌧{"
"Vی","sOVۑ129Ԓn","36.209444","136.143333","䌧{"
"ll","sO5816Ԓn","36.171944","136.143888","䌧{"
"Oؕ","sOy~301Ԓn","36.203333","136.162222","䌧{"
"O","sOs1635Ԓn","36.208055","136.169722","䌧{"
"","sۉ510Ԓn12","36.111111","136.306944","䌧{"
"Q","sۉV1159Ԓn","36.108611","136.299166","䌧{"
"镔","sۉV1159Ԓn","36.125833","136.254166","䌧{"
"","sۉۉ1221Ԓn1","36.149088","136.267014","䌧{"
"","sۉq4547Ԓn","36.1275","136.283888","䌧{"
"","sۉM11015Ԓn1","36.147222","136.250555","䌧{"
"ۉ","sۉ113Ԓn1","36.1525","136.270277","䌧{"
"","sۉ249Ԓn","36.153611","136.278333","䌧{"
"Q","sۉ؍]1136Ԓn","36.173055","136.273888","䌧{"
"|c","sۉR|c1193Ԓn","36.162222","136.331111","䌧{"
"t]","st]]a4Ԓn8","36.123055","136.224722","䌧{"
"t]","st]ؑ246Ԓn","36.125","136.235833","䌧{"
"t]","st]1717Ԓn","36.133888","136.218333","䌧{"
"Ό","st]㏬X612Ԓn","36.154166","136.188055","䌧{"
"t]","st]{2215Ԓn","36.133611","136.204166","䌧{"
"\","s䒬2511Ԓn1","36.165","136.236666","䌧{"
"֌","s䒬125Ԓn1","36.185","136.218888","䌧{"
"Ɍ","s䒬㕺ɑ6515Ԓn1","36.168333","136.203055","䌧{"
"ؕ","s䒬1179Ԓn","36.183333","136.171111","䌧{"
"O^ړIZ","sO^14|1","36.226111","136.149444","䌧{"
"O^㋣Z","sO^14|1","36.226388","136.147777","䌧{"
"O^싅","sO^14|1","36.225833","136.145277","䌧{"
"O^ejX","sO^14|1","36.227777","136.144444","䌧{"
"O^Q[g{[","sO^14|1","36.226944","136.144444","䌧{"
"O^v[","sO^14|1","36.226944","136.145","䌧{"
"Ö","sO16-2","36.219166","136.158055","䌧{"
"OOEh","sO16-2","36.218888","136.1575","䌧{"
"ۉ","sۉ13-29","36.143888","136.268055","䌧{"
"ۉQ[g{[","sۉ6","36.149166","136.278333","䌧{"
"ۉ̈","sۉ31ԒnQ","36.153888","136.272777","䌧{"
"ۉ̈","sۉ13-27","36.144166","136.268055","䌧{"
"ۉ^ړIOEh","sۉc16-1","36.145555","136.279722","䌧{"
"ۉ^ejX","sۉc16-1","36.146666","136.279722","䌧{"
"ۉ^ړIOEh","sۉc16-1","36.146666","136.279722","䌧{"
"ۉZK","sۉ159Ԓn","36.146666","136.279722","䌧{"
"ۉ镔ejX","sۉc19-15","36.126111","136.254166","䌧{"
"ۉejX","sۉ9-13","36.110555","136.3075","䌧{"
"ۉcnejX","sۉF316Ԓn5","36.109166","136.273333","䌧{"
"ۉX|[chTbJ[","sۉ6-69","36.140833","136.250833","䌧{"
"ۉX|[chړIOEh","sۉ6-69","36.141111","136.249444","䌧{"
"ۉX|[chQ[g{[","sۉ6-69","36.141388","136.248333","䌧{"
"ۉtBbglXZ^[","sۉ6-77","36.139444","136.249444","䌧{"
"ۉafCmZ^[","sۉ6-77","36.139722","136.249444","䌧{"
"t]Q[g{[","st]13-2","36.131944","136.219166","䌧{"
"t]̈","st]Y12-14","36.133333","136.211944","䌧{"
"t]kOEh","st]13-2","36.150555","136.188888","䌧{"
"t]OEh","st]@21-12-1","36.1225","136.236666","䌧{"
"䕐","s䒬V14-3","36.165833","136.225555","䌧{"
"䉮X|[cZ^[","s䒬V14-2-3","36.166111","136.225","䌧{"
"̈","s䒬V19-7-1","36.166666","136.223055","䌧{"
"OEh","s䒬V13","36.165","136.223888","䌧{"
"\OEh","s䒬22-17-1","36.165555","136.235","䌧{"
"\ejX","s䒬22-17-1","36.165833","136.235555","䌧{"
"\Q[g{[","s䒬22-17-1","36.165555","136.234166","䌧{"
"݂ɕ","sO_1-4-20","36.2175","136.147222","䌧{"
"݂ɗĊ","sO΃u42-1","36.22","136.151388","䌧{"
"ۉ","sۉ1-59","36.1525","136.272222","䌧{"
"̗","st]Β21-2-3","36.148611","136.188055","䌧{"
"̐XEYURI𗬊","st]Y15-22","36.1325","136.212777","䌧{"
"̉wn𗬃Z^[˂","s䒬_34-14-1","36.171111","136.221944","䌧{"
"O}","sO_14-20","36.2175","136.147222","䌧{"
"ۉ}","sۉ3-10-1","36.153333","136.275","䌧{"
"t]}","st]Y15-22","36.131944","136.2125","䌧{"
"}","s䒬V12-3-1","36.166111","136.226111","䌧{"
"ii{فj","gcSit1-4","36.0923564","136.2990535","䌧{"
"iix","gcSiÎs10-5","36.0964373","136.3286021","䌧{"
"iJZ^[","gcSiÎs10-5","36.0964373","136.3286021","䌧{"
"iux","gcSiIZg1-1","36.078543","136.3977339","䌧{"
"Z^[","gcSig15-44","36.0875096","136.2975845","䌧{"
"iVlZ^[","gcSiѓ6-34","36.0898437","136.3566212","䌧{"
"iیZ^[","gcSiÎs8-16-2","36.0974428","136.3249829","䌧{"
"₷炬̋","gcSiΏ27-27","36.0721722","136.4008159","䌧{"
"ᖲT","gcSi蓇38-45","36.1064684","136.2885575","䌧{"
"fCT[rXZ^[","gcSig15-47","36.0873068","136.2970679","䌧{"
"ifCT[rXZ^[","gcSiѓ6-34","36.0898437","136.3566212","䌧{"
"ct","gcSi_3-129","36.0917038","136.3013866","䌧{"
"gct","gcSig26-21","36.0732525","136.2952603","䌧{"
"c","gcSit1-63","36.0976005","136.305108","䌧{"
"c","gcSi3-120","36.0911202","136.2946127","䌧{"
"˗c","gcSi蓇38-6","36.106785","136.2892739","䌧{"
"Ȃ悵c","gcSig15-37","36.0879594","136.2964375","䌧{"
"Ȃ悵c܂","gcSi_3-129","36.0917601","136.3013758","䌧{"
"Ȃ悵c悵̉","g26-21","36.0732525","136.2952603","䌧{"
"uc","gcSiΏ26-26","36.0711056","136.4022268","䌧{"
"uc","gcSiJ1-14","36.0947042","136.3333182","䌧{"
"uc","gcSisX2-19-1","36.0694767","136.3277752","䌧{"
"ukc","gcSigg23-8-1","36.0959293","136.3617094","䌧{"
"","gcSig15-44","36.0875096","136.2975845","䌧{"
"u䎙","gcSiÎs10-5","36.0964373","136.3286021","䌧{"
"u䎙","gcSiΏ27-27","36.0721722","136.4008159","䌧{"
"nqĎxZ^[","gcSi蓇38-1","36.1067905","136.2891935","䌧{"
"nqĎxZ^[","gcSig26-21","36.0732525","136.2952603","䌧{"
"nqĎxZ^[","gcSig15-44","36.0875096","136.2975845","䌧{"
"iqĎxZ^[","gcSiÎs8-16-2","36.0974428","136.3249829","䌧{"
"uqĎxZ^[","gcSiΏ27-27","36.0721722","136.4008159","䌧{"
"iuT̗v","gcSi2-16-1","36.0785853","136.4019209","䌧{"
"_ƍ\PZ^[","gcSi蓇36-34","36.1076043","136.288413","䌧{"
"u_ƍ\PZ^[","gcSiR20-5-2","36.0797655","136.39328","䌧{"
"ړIWZ^[","gcSig25-18","36.0721443","136.2961241","䌧{"
"i_ƍґn","gcSisX2-20","36.0693573","136.3274252","䌧{"
"iPZ^[","gcSigg6-103-3","36.0950738","136.3613872","䌧{"
"iыƐUWZ^[","gcSizK2-1","36.093035","136.3223223","䌧{"
"jL[̊","gcSiq15-10-1","36.0812096","136.3887692","䌧{"
"@RNs","gcSi@68-1-2","36.1225313","136.3693495","䌧{"
"g􎛃Lv","gcSig4-1","36.0674094","136.423064","䌧{"
"͐","gcSi㍇n","36.0986142","136.2971806","䌧{"
"i͐","gcSiJn","36.0948257","136.336137","䌧{"
"͐","gcSin","36.0779404","136.4141142","䌧{"
"㐅ǗZ^[","gcSi؃m2-101","36.0949837","136.2952901","䌧{"
"i򉻃Z^[","gcSiÎs18-8","36.1019672","136.3247162","䌧{"
"wZ","gcSig61-10-1","36.0847486","136.2939656","䌧{"
"iwZ","gcSiÎs22-46","36.0987537","136.328663","䌧{"
"u䒆wZ","gcSiIZg16-47","36.0754411","136.3956134","䌧{"
"wZ","gcSi_3-132","36.0914093","136.3009144","䌧{"
"g쏬wZ","gcSig26-3","36.0729887","136.2955935","䌧{"
"ˏwZ","gcSi蓇39-15","36.1079765","136.2893656","䌧{"
"u䏬wZ","gcSiJ1-70","36.0947209","136.334107","䌧{"
"u쏬wZ","gcSisX1-11","36.0704932","136.3263781","䌧{"
"ukwZ","gcSi2-1","36.0959209","136.360629","䌧{"
"u䏬wZ","gcSiIZg26-15","36.0719471","136.3976189","䌧{"
"i΂̑ӂꂠZ^[","gcSiR10-1","36.091574","136.3255331","䌧{"
"i΂̑^L","gcSiR9-4-1","36.0889021","136.3255082","䌧{"
"닅","gcSiΏM1-23","36.0855875","136.2985149","䌧{"
"afCmZ^[","gcSiJ53-8-1","36.0635618","136.2963049","䌧{"
"^","gcSiJ33-1-1","36.0648313","136.2982296","䌧{"
"ul̗","gcSiΏ31-87","36.0706614","136.4051961","䌧{"
"uOEh","gcSiΏ28-55","36.0718777","136.3997048","䌧{"
"u_","gcSiΏ26-83","36.0711056","136.4022268","䌧{"
"","gcSi_1-129","36.0939202","136.3007589","䌧{"
"uk","gcSigg6-103-3","36.0950738","136.3613872","䌧{"
"u","gcSisX2-20","36.0693573","136.3274252","䌧{"
"u","gcSiIZg1-1","36.0776799","136.4009682","䌧{"
"ӂ邳ƊwK","gcSi4-803","36.0931169","136.2876525","䌧{"
"in","gcSiÎs9-35-2","36.0965818","136.3262578","䌧{"
"}","gcSi_3-89-1","36.0917204","136.3000756","䌧{"
"i}","gcSiÎs10-5(ix)","36.0964373","136.3286021","䌧{"
"u}","gcSiΏ29-67-1(u䕶ٓ)","36.0708696","136.4030712","䌧{"
"i΂̑lG̐Xفijفj","gcSiR9-1-2","36.0889021","136.3255082","䌧{"
"u䕶","gcSiΏ29-67-1","36.0708696","136.4030712","䌧{"
"ih{","gcSit1-4","36.0923564","136.2990535","䌧{"
"hu䕪","gcSiIZg1-1","36.0782547","136.397474","䌧{"
"\y̗𗬉","Srcc5-1","35.89503","136.344967","䌧{"
"_","Src12-6-1","35.886469","136.344237","䌧{"
"JZ^[","Src35-4","35.890441","136.344214","䌧{"
"یZ^[uقƃvUv","Srcc5-3-1","35.895934","136.345705","䌧{"
"rcVۃt@~[XL[","SrcV13-4","35.855935","136.307768","䌧{"
"rc","Src35-4","35.890441","136.344214","䌧{"
"rcꉺrcx","SrcJ15-6-3","35.93295","136.380064","䌧{"
"rcӂꂠY","Src10-36-1","35.884878","136.343645","䌧{"
"rcՏ","SrcMc46-2","35.900618","136.350126","䌧{"
"n\h_{","Src34-28-3","35.88958","136.34415","䌧{"
"C\h_{","SrcC72-9","35.887042","136.36991","䌧{"
"rcrcwZ","Src6-1","35.888868","136.34091","䌧{"
"rcrcwZ","Src20-14","35.887633","136.340792","䌧{"
"rcِC","SrcC62-3","35.887633","136.340792","䌧{"
"rcOwZ","Src23-42","35.858214","136.303927","䌧{"
"rcwZHZ^[","Src22-2-1","35.887772","136.339794","䌧{"
"BGCmZ^[","SrcRc20-13-1","35.888615","136.339813","䌧{"
"rc\ʔp","SrcuÌ17-2","35.86177","136.362807","䌧{"
"rc","SrcK11-3","35.919883","136.352164","䌧{"
"rc\y̗j","Src13-1","35.886251","136.345448","䌧{"
"rcғiL@킢킢ǁ[","SrcK15-7","35.918632","136.351413","䌧{"
"rc","Src24-9-1","35.889398","136.341425","䌧{"
"rcȂ悵qǂ","SrcRc20-16-1","35.889163","136.33974","䌧{"
"ыƎғ̈","SrcJ11-16","35.93328","136.379051","䌧{"
"xƏZ","Src17","","","䌧{"
"؂̗H[","Srcc41-1","35.8937","136.345298","䌧{"
"ӂ邳Ɠ","SrcyM14-7-1","35.860196","136.365146","䌧{"
"狴","SrcyMP14-7-1","35.860196","136.365146","䌧{"
"LvEOnEX","SrcuÌ28-16","35.862344","136.367227","䌧{"
"ʂs","SrcuÌ16-28-2","35.862483","136.365037","䌧{"
"NNnEX","SrcuÌ15-12","35.86457","136.362174","䌧{"
"ycƏZ","Src15-14-16","35.852666","136.316727","䌧{"
"肱ɂႭ","Src13-6-1","35.844474","136.272889","䌧{"
"t@[EF","Srcc1-8-1","35.8939","136.34622","䌧{"
"k򊥑","SrcuÌ14-17","35.863565","136.363822","䌧{"
"ʗ{Vlz[@K","Src20-5","35.877706","136.344","䌧{"
"VlEҐZ^[","Src22-5","35.877897","136.343206","䌧{"
"p[AbvZ^[","Src11-1","35.843552","136.274455","䌧{"
"܂̎s@ăRe","Src36-26-1","35.893492","136.345287","䌧{"
"Bc̗","SrcBc","35.919571","136.441305","䌧{"
"zO꒡","SzO哹291Ԓn","35.835168","136.1944711","䌧{"
"zO꒡ɕʊ","SzO哹293Ԓn","35.834881","136.1943772","䌧{"
"zO","SzO7414Ԓn","35.7735696","136.2002663","䌧{"
"zO͖쑍","SzO͖1516Ԓn1","35.8249676","136.0684843","䌧{"
"𕶉","SzOqJ2915Ԓn1","35.8330812","136.1999924","䌧{"
"n","SzO哹325Ԓn","35.8339948","136.1950736","䌧{"
"n","SzO7414Ԓn","35.7735696","136.2002663","䌧{"
"͖n","SzO͖1516Ԓn1","35.8249676","136.0684843","䌧{"
"zO}","SzOqJ2915Ԓn1","35.8330812","136.1999924","䌧{"
"zO}","SzO7414Ԓn","35.7735696","136.2002663","䌧{"
"zO͖}","SzO͖229Ԓn1","35.8256979","136.0680453","䌧{"
"ۈ珊","SzOt4514Ԓn1","35.8342801","136.2001307","䌧{"
"ۈ珊","SzO哹2712Ԓn","35.8353001","136.1930158","䌧{"
"ۈ珊","SzO7215Ԓn","35.7943135","136.1962016","䌧{"
"ȂȂ낱ǂ","SzO2810Ԓn2","35.779356","136.1984451","䌧{"
"͖ۈ牀","SzO1948Ԓn4","35.8286767","136.0654342","䌧{"
"zOct","SzO哹1949Ԓn3","35.8372249","136.1947015","䌧{"
"zOwZ","SzO哹1954Ԓn","35.8364347","136.1949408","䌧{"
"zOwZ","SzO882Ԓn","35.7923998","136.1986757","䌧{"
"zOwZ","SzO2810Ԓn1","35.7801046","136.1984035","䌧{"
"zO͖쏬wZ","SzOby131Ԓn","35.8356877","136.0559386","䌧{"
"zO𒆊wZ","SzO哹328Ԓn","35.8340276","136.1958085","䌧{"
"zOwZ","SzO2720Ԓn","35.777847","136.1981078","䌧{"
"zO͖쒆wZ","SzOby4822Ԓn1","35.8371201","136.0568258","䌧{"
"","SzO哹1949Ԓn1","35.8369978","136.1944219","䌧{"
"","SzO795Ԓn","35.7931636","136.196721","䌧{"
"","SzO6816Ԓn1","35.7742604","136.1972044","䌧{"
"͖쎙","SzOby161Ԓn27","35.8353765","136.0564848","䌧{"
"یZ^[","SzOe{1738Ԓn1","35.8436381","136.1849454","䌧{"
"یZ^[","SzO8424Ԓn1","35.7730495","136.2003207","䌧{"
"Z^[","SzO865Ԓn2","35.7719996","136.2008346","䌧{"
"͖یZ^[","SzOby731Ԓn1","35.8425624","136.0465691","䌧{"
"fÏ","SzO8424Ԓn1","35.7730495","136.2003207","䌧{"
"Vlی{","SzO8426Ԓn","35.7724385","136.2006347","䌧{"
"͖fÏ","SzOby731Ԓn1","35.8425624","136.0465691","䌧{"
"֏","SzO204Ԓn","35.778582","136.193363","䌧{"
"_YH{ݎlG","SzOe{1742Ԓn1","35.8432724","136.1858341","䌧{"
"Γ","SzO103Ԓn1","35.7516931","136.2048697","䌧{"
"ӂ邳ƌ𗬃Z^[߂","SzOÖؑ5059Ԓn","35.7945712","136.2675885","䌧{"
"Ԃ͂򂻂܂","SzO601Ԓn","35.8087227","136.2274145","䌧{"
"TCNO^[~i","SzO852Ԓn18","35.7728592","136.2009358","䌧{"
"365₷炬","SzO","35.7229655","136.1487874","䌧{"
"365XL[","SzO8536Ԓn","35.7222316","136.1488338","䌧{"
"͖V[TCh䂤΂","SzOby731Ԓn1","35.8431147","136.0458288","䌧{"
"̉wu͖vY","SzOJ861Ԓn","35.7967133","136.0919489","䌧{"
"zO_CrOp[N","SzOby1528Ԓn","35.8339407","136.0570709","䌧{"
"kOD̊فEE߉","SzO͖215Ԓn","35.8262478","136.0682481","䌧{"
"͖VwK","SzO2111Ԓn","35.8302665","136.0652649","䌧{"
"EH[^[h","SzOqJ298Ԓn","35.8326879","136.2012741","䌧{"
"ΘJґ̈Z^[","SzOt4514Ԓn6","35.8337708","136.2005365","䌧{"
"{݃zmPZ^[","SzOʏ2315Ԓn1","35.8180077","136.1923964","䌧{"
"^","SzOԔ381Ԓn","35.8184607","136.0995616","䌧{"
"͖Lv߂̊wZ","SzOԔ5512Ԓn","35.8184607","136.0995616","䌧{"
"Ԃ͂","SzO","35.8094557","136.2273501","䌧{"
"C{[p[N","SzOqJ376Ԓn2","35.831982","136.1989519","䌧{"
"𑍍^","SzOqJ1236Ԓn","35.8369511","136.2114786","䌧{"
"g[g","SzOÖؑ5952Ԓn","35.7921967","136.2672277","䌧{"
"zO","OSzOc13-5-1","35.974264","136.129765","䌧{"
"{R~jeBZ^[","OSzO]g50]80]1","35.942391","136.073566","䌧{"
"zOR~jeBZ^[","OSzO1-24-1","35.936117","135.996244","䌧{"
"zOTuR~jeBZ^[","OSzO~Y60-2-1","35.952692","135.984786","䌧{"
"DcR~jeBZ^[","OSzODc36-1","35.961069","136.056059","䌧{"
"䑍A@vgsA","OSzO17-3-1","35.968886","136.118947","䌧{"
"̑̌Z^[","OSzOq88-55-1","35.997632","136.09329","䌧{"
"zO|𗬉","OSzO]7-8","35.933058","136.05959","䌧{"
"zO|ēEzOq","OSzO]6-12","35.933847","136.06097","䌧{"
"hɁ@ꂢ葑","OSzOăm66-93","35.882452","135.999995","䌧{"
"zO@IVC@{C","OSzOăm66-97","35.882857","135.999822","䌧{"
"ANeBunEXzO","OSzO~71-335-1","35.921744","135.997775","䌧{"
"zOIVC@","OSzO~71-335-1","35.921744","135.997775","䌧{"
"zOɃ~[WA","OSzO~71-324-1","35.921735","135.997355","䌧{"
"zOԂ̒","OSzODc33-42","35.962794","136.058889","䌧{"
"Iv}̓m","OSzO44-3","35.976338","136.026226","䌧{"
"I^CREqY","OSzO͌37-19-1","35.94887","136.057517","䌧{"
"zO_ѐYʁułȁv","OSzO~2-63","35.940916","136.086402","䌧{"
"zODc_PZ^[","OSzODc109-57","35.956897","136.048189","䌧{"
"zOUwKZ^[","OSzOS13-19-3","35.973797","136.128532","䌧{"
"zOړIz[","OSzOS13-19-3","35.973797","136.128532","䌧{"
"zOUwKZ^[@","OSzOq89-53","35.994133","136.094715","䌧{"
"zOcZ싅","OSzO싎11-1-1","35.969795","136.137064","䌧{"
"zOc^","OSzO22-35","35.970397","136.118194","䌧{"
"zOc^@lHŃzbP[","OSzOS42-8","35.971367","136.117336","䌧{"
"zOc^@lHŃzbP[Ǘ","OSzOS42-8","35.971367","136.117336","䌧{"
"zOc^@zbP[Ǘ","OSzOS42-17-4","35.971367","136.117336","䌧{"
"zO|X|[cL@Ԃ݂ڂ̊","OSzO]5-30","35.934214","136.062234","䌧{"
"zO|X|[cL","OSzO]3-22","35.934472","136.061501","䌧{"
"zOc{̈","OSzO]g122-1","35.939805","136.075097","䌧{"
"zOczÖ","OSzO~Y60-2-1","35.952692","135.984786","䌧{"
"zOcANeBuh@̈","OSzO~71-326-1","35.923202","135.997725","䌧{"
"zOcANeBuh@^","OSzO~71-326-1","35.923202","135.997725","䌧{"
"JcLO","OSzODc153-1-3","35.958478","136.055495","䌧{"
"zODcj","OSzODc153-1-8","35.958839","136.054667","䌧{"
"zOhc{nPch{","OSzO]g63-53","35.941691","136.071847","䌧{"
"zOhc{nRch{","OSzO~4-2-2","35.941208","136.086579","䌧{"
"zOhc{nTch{","OSzOc49-12-4","35.921642","136.11483","䌧{"
"FJn@~q","OSzOFJ38-15-1","35.552671","136.023218","䌧{"
"hhq","OSzOC䏯53-22-2","35.98333","136.129198","䌧{"
"I]EOhghzO","OSzO9-42","35.933509","135.997816","䌧{"
"zOhcDcnPch{","OSzODc40-91","35.573825","136.032846","䌧{"
"I]EOhghO","OSzO͌25-13-1","35.94276","136.058762","䌧{"
"coX^[~i@񂩍L","OSzO1-8-2","35.972789","136.131356","䌧{"
"zOR~jeBoXҍ@zOO","OSzOc13-5-1","35.974264","136.129765","䌧{"
"DcoX^[~iZ^[","OSzODc42-6-2","35.958591","136.058687","䌧{"
"Dca@oX◯","OSzODc114-37-3","35.95555","136.055779","䌧{"
"zOR~jeBoXҍ@DcO","OSzODc36-1","35.961069","136.056059","䌧{"
"VOoX◯","OSzO7-3-1","35.961749","136.053106","䌧{"
"]goXҍ","OSzO]g34-149","35.940916","136.063531","䌧{"
"]goXҍ","OSzO]g55-1","35.940916","136.063531","䌧{"
"coXҍ","OSzOc29-53-1","36.557032","136.570152","䌧{"
"̒JoXҍ","OSzO̒J63-114","35.937984","136.111199","䌧{"
"oXҍ","OSzOJ65-55","35.943181","136.119759","䌧{"
"oXҍ","OSzO64-59","35.941437","136.11336","䌧{"
"~Y㐣oXҍ","OSzO~Y84-3-1","35.959155","135.989272","䌧{"
"~YXN[oXҍ","OSzO~Y54-11-1","35.956291","135.982578","䌧{"
"zOUwKZ^[OoXҍ","OSzO~Y60-15-3","35.952859","135.983356","䌧{"
"hoXҍ","OSzOh2-15-1","35.951156","135.986125","䌧{"
"VۃoXҍ","OSzOV12-57","35.949459","135.986894","䌧{"
"koXҍ","OSzO6-4-2","35.942035","135.99078","䌧{"
"oXҍ","OSzO8-24","35.943176","135.9906","䌧{"
"zOOoXҍ","OSzO1-1","35.936453","135.996838","䌧{"
"oXҍ","OSzO5-24-6","35.933617","135.998735","䌧{"
"~oXҍ","OSzO~11-42-3","35.927099","135.999874","䌧{"
"loXҍ","OSzO~67-2","35.914209","135.998039","䌧{"
"ΌoXҍ","OSzOΌ5-68","35.910362","135.997153","䌧{"
"loXҍ","OSzO9-1","35.897552","135.996145","䌧{"
"ّOoXҍ","OSzO32-13-1","35.8973","135.995431","䌧{"
"ẲYoXҍ","OSzOăm52-89-1","35.887762","135.997134","䌧{"
"Dca@oXҍ","OSzODc114-37-3","35.95555","136.055779","䌧{"
"͌oXҍ","OSzO͌27-51-1","35.941785","136.057046","䌧{"
"lcoXҍ","OSzOlc8-51","35.960338","136.034809","䌧{"
"ANeBuhOoXҍ","OSzO~71-323","35.923202","135.997725","䌧{"
"ۈ珊OoXҍ","OSzOăm46-17","35.891131","135.996384","䌧{"
"ꂢoXҍ","OSzOăm66-97","35.882857","135.999822","䌧{"
"]g֏","OSzO]g126-102-9","35.939474","136.06224","䌧{"
"̒J֏","OSzO11-13-2","35.938729","136.113343","䌧{"
"Dc֏","OSzODc42-79-6","35.959369","136.058761","䌧{"
"zOR~jeBoXҍ@{R~jeBZ^[O","OSzO]g50-80-1","35.942391","136.073566","䌧{"
"zOۈ珊","OSzOc19-20-1","35.9758021","136.1317811","䌧{"
"zOۈ珊","OSzO㎅80-8","35.9972543","136.0852608","䌧{"
"zOۈ珊","OSzOX33-3|P","35.9549021","136.1231801","䌧{"
"zOkۈ珊","OSzOV1-5","35.9836316","136.1287449","䌧{"
"zO{蒆ۈ珊","OSzO]g67-14","35.944127","136.0746549","䌧{"
"zO]ۈ珊","OSzO]34-31","35.9278869","136.0641815","䌧{"
"zO̒Jۈ珊","OSzO13-1-1","35.9322712","136.1120436","䌧{"
"zOۈ珊","OSzOăm46-12","35.891131","135.9963837","䌧{"
"zON𗬃z[","OSzOăm46-12","35.891131","135.9963837","䌧{"
"zODcۈ珊","OSzODc109-56","35.9564219","136.0474211","䌧{"
"zO","OSzOc19-6-1","35.9764466","136.1329892","䌧{"
"zOqĎxZ^[","OSzOc19-6-1","35.9764466","136.1329892","䌧{"
"zO{莙","OSzO]g76-5-1","35.94213","136.0748493","䌧{"
"zO{qĎxZ^[","OSzO]g76-5-1","35.94213","136.0748493","䌧{"
"zOzOk","OSzO~Y60-15","35.9528585","135.9833555","䌧{"
"{݁@zO@̓","OSzO9-41","35.933117","135.9978465","䌧{"
"zOzO","OSzO9-41","35.933117","135.9978465","䌧{"
"zODc","OSzODc153-3","35.9584774","136.0531037","䌧{"
"zODcqĎxZ^[","OSzODc153-3","35.9584774","136.0531037","䌧{"
"zOR","OSzOR6-3-1","35.9572379","136.0298371","䌧{"
"یZ^[","OSzOc8-2P","35.977366","136.129156","䌧{"
"fCT[rXZ^[uv","OSzOc8-20-22","35.976674","136.127584","䌧{"
"zOfÏ","OSzOăm46-1-1","35.888023","135.997209","䌧{"
"zONیDca@","OSzODc106-44-1","35.987286","136.047085","䌧{"
"zODcیZ^[","OSzODc106-51-1","35.957322","136.047732","䌧{"
"DcfCT[rXZ^[","OSzODc106-51-1","35.957322","136.047732","䌧{"
"zOVlZ^[@Kቑ","OSzO22-1-5","35.97067","136.12127","䌧{"
"{fCT[rXZ^[@z^","OSzOc5-51-1","35.925905","136.112536","䌧{"
"VlẻƁ@","OSzOJPT|P","35.943971","136.118031","䌧{"
"Ԃ݂򋋓X^h@{","OSzO]77-23","35.926774","136.066985","䌧{"
"zOzOn敟Z^[","OSzO~Y60-15","35.952788","135.983392","䌧{"
"Ȃ̓","OSzO~Y60-15","35.952788","135.983392","䌧{"
"ӂ邳ƓYH","OSzOq88-19-5","35.99591","136.094626","䌧{"
"̉w@p[NCOu","OSzO싎45-1-7","35.964659","136.127438","䌧{"
"zO|ђ뉀","OSzO]7-8","35.933506","136.060503","䌧{"
"zO|@","OSzO]7-7-1","35.933506","136.059494","䌧{"
"Dc[@Â݊","OSzO͌37-42-1","35.948885","136.057764","䌧{"
"嗭","OSzO]","35.924102","136.059902","䌧{"
"L","OSzO","35.992437","135.965861","䌧{"
"~Yn","OSzO~Y","35.959654","135.974983","䌧{"
"ߖ[n","OSzOߖ[","35.876309","136.007038","䌧{"
"zmROgC","OSzOJ84-1","35.99755","136.032094","䌧{"
"֏AƉPZ^[@","OSzO䣌32-18","35.963955","136.097801","䌧{"
"zO{܊","OSzO13-4","35.932203","136.111829","䌧{"
"zO_ѐYʁułȁv","OSzO~2-63","35.940916","136.086402","䌧{"
"_ыƑ̌K","OSzO]119-1-2","35.930318","136.063464","䌧{"
"zODc_PZ^[","OSzODc109-57","35.956897","136.048189","䌧{"
"ămLnΒnL","OSzOăm56-58","35.886808","135.99709","䌧{"
"Rӂ邳Ə","OSzO]99-7-1","35.926094","136.072591","䌧{"
"ז_","OSzOq49-1-1","35.973396","136.064247","䌧{"
"_","OSzO32-11-4","35.941029","136.052048","䌧{"
"O_","OSzOO28-14","35.962366","136.044691","䌧{"
"R_","OSzOR1-19","35.956172","136.030223","䌧{"
"SCR","OSzO43-7-1","35.939589","135.993101","䌧{"
"","OSzOc8-20-5","35.97695","136.12849","䌧{"
"P","OSzOS4501","35.97201","136.13261","䌧{"
"2","OSzOc2505","35.97553","136.13609","䌧{"
"3","OSzOS3608","35.97192","136.13583","䌧{"
"Õ","OSzO21-4-1","35.97167","136.12285","䌧{"
"]g","OSzO]g116-118","35.94372","136.07465","䌧{"
"~Î","OSzO~4-10","35.94066","136.08745","䌧{"
"","OSzODc153-2-11","35.95384","136.05428","䌧{"
"Dc","OSzO͌37-16-1","35.94914","136.05666","䌧{"
"sVR","OSzODc154-14","35.95704","136.06174","䌧{"
"zOKᕶZ^[izO}فj","OSzOc2210","35.976872","136.136778","䌧{"
"zOc̈","OSzOq89-53","35.994133","136.094715","䌧{"
"CmZ^[@̈","OSzO22-35","35.970397","136.118194","䌧{"
"CmZ^[@v[","OSzO22-35","35.970397","136.118194","䌧{"
"^","OSzOS42-17-4","35.971367","136.117336","䌧{"
"zO|","OSzOV3-3","35.979985","136.128395","䌧{"
"zOcv[","OSzOX33-9","35.954052","136.122394","䌧{"
"zOc̈","OSzOC䏯58-85","35.979427","136.130087","䌧{"
"zOc{v[","OSzO]g122-1","35.939805","136.075097","䌧{"
"嗭ԏҊ","OSzO]67-6","35.552302","136.034019","䌧{"
"zOcDc̈","OSzODc153-1-8","35.958839","136.054667","䌧{"
"zOwZ","OSzOV5-7","35.981263","136.129387","䌧{"
"zO֏wZ","OSzO20-9","35.962207","136.113306","䌧{"
"zOwZ","OSzO㎅81-19","35.996471","136.084014","䌧{"
"zOwZ","OSzOC䏯51-5-1","35.979538","136.133806","䌧{"
"zO{蒆wZ","OSzO~20-20","35.936964","136.087596","䌧{"
"zO{菬wZ","OSzO]g122-1","35.939805","136.075097","䌧{"
"zOzOwZ","OSzO叾14-19","35.937689","135.99723","䌧{"
"zOlYwZ","OSzO42-175","35.945451","135.990111","䌧{"
"zO菬wZ","OSzOΌ4-8-1","35.912503","135.99883","䌧{"
"zODcwZ","OSzO剤20-17","35.957136","136.04556","䌧{"
"zO쏬wZ","OSzOז73-23","35.97805","136.062041","䌧{"
"zODcwZ","OSzO͌37-2-10","35.949117","136.054198","䌧{"
"zOwZHZ^[","OSzOC䏯57-16","35.980943","136.132206","䌧{"
"zO{wZHZ^[","OSzO]g56-24","35.93905","136.074263","䌧{"
"zOzOwZHZ^[","OSzO18-11","35.944862","135.989455","䌧{"
"zODcwZHZ^[","OSzO5-4-1","35.952464","136.053437","䌧{"
"l","OSls25-25","35.600555","135.940507","䌧{"
"lUwKZ^[Ȃт","OSls29-3","35.600293","135.939703","䌧{"
"l}","OSls29-3ilUwKZ^[j","35.600293","135.939703","䌧{"
"lیZ^[͂Ƃ҂","OSls25-20","35.599946","135.941339","䌧{"
"ዷgj","OSl`25-2","35.610976","135.963577","䌧{"
"l^il̈فElLj","OSlvXq26-30","35.602846","135.914047","䌧{"
"l[NZ^[","OSl1-5","35.613526","135.903335","䌧{"
"qĎxZ^[","OSl38-4","35.590495","135.947881","䌧{"
"l䂤Ђ","OSl7-1-1","35.609579","135.931213","䌧{"
"̈Z^[","OSlvXq59-1-5","35.60791","135.923491","䌧{"
"aGcዷlCmZ^[","OSlvXq29-4-1","35.599602","135.913401","䌧{"
"炬ۈ牀","OSl͌s8-8","35.602669","135.946606","䌧{"
"Ȃݕۈ牀","OSlc62-43","35.62776","135.983553","䌧{"
"݂ݕۈ牀","OSlvXq42-1-3","35.60318","135.920414","䌧{"
"͂܂ۈ牀ixj","OSlO23-1-1","35.706555","135.97389","䌧{"
"","OSlR14-1il쏬wZ~nj","35.60233","135.923133","䌧{"
"lHZ^[","OSl͌s2-2-3","35.60506","135.949823","䌧{"
"lwZ","OSl37-5","35.602991","135.949536","䌧{"
"wZ","OSl͌s8-2","35.603174","135.946418","䌧{"
"l쏬wZ","OSlR14-1","35.60233","135.923133","䌧{"
"lkwZ","OSlc15-1","35.61117","135.901074","䌧{"
"lwZ","OSlc69-4","35.628904","135.985275","䌧{"
"VwZ","OSlV65-55","35.563675","135.973373","䌧{"
"lwZ","OSll70-8-2","35.661691","135.977297","䌧{"
"OwZElwZOZ","OSlO62-1","35.706146","135.973673","䌧{"
"fÏ","OSlR1-8-1","35.627096","135.982764","䌧{"
"OfÏ","OSlO37-25-1","35.711654","135.971848","䌧{"
"l","ьSl{71-7-1","35.490392","135.5509678","䌧{"
"l|Z^[","ьSlP","35.4923526","135.5969738","䌧{"
"lTCNZ^[","ьSlP","35.4923526","135.5969738","䌧{"
"lsRn","ьSl41-11-1","35.5275141","135.4571485","䌧{"
"l򉻃Z^[","ьSlac152-2-2","35.4955879","135.5936076","䌧{"
"l։","ьSl{29-11","35.481162","135.5536402","䌧{"
"lOZ^[","ьSlO6-21-8","35.4968136","135.5115706","䌧{"
"̉wV[TChl","ьSlԎ46-10","35.4887895","135.596044","䌧{"
"l܂Âlbg[N","ьSl{73-5","35.4901448","135.5485929","䌧{"
"h R","ьSlR","35.495086","135.552048","䌧{"
"yR","ьSlac","35.4970203","135.58192","䌧{"
"XJ","ьSlac","35.4908181","135.5720149","䌧{"
"R","ьSl","35.4946442","135.5527861","䌧{"
"","ьSlcn","35.4855954","135.5507288","䌧{"
"JΒn","ьSlJ","35.4829413","135.5437085","䌧{"
"ዷlCނ","ьSly","35.4941922","135.5465823","䌧{"
"ܐFR","ьSlR64-3-1","35.5255177","135.4752241","䌧{"
"","ьSlO119Ԓn","35.4919419","135.5504539","䌧{"
"lیZ^[","ьSlac11768Ԓn","35.4899837","135.5794194","䌧{"
"lNی@acfÏ","ьSlac11768Ԓn","35.4899837","135.5794194","䌧{"
"lNی@YfÏ","ьSlR821Ԓn1","35.5175991","135.471497","䌧{"
"l@lۈ珊","ьSl{697Ԓn1","35.4890532","135.5530066","䌧{"
"l@acۈ珊","ьSlac1243Ԓn","35.4910155","135.5804033","䌧{"
"l@ۈ珊","ьSlO1354Ԓn1","35.492561","135.5102111","䌧{"
"l@Yۈ珊","ьSlR10726Ԓn","35.5195571","135.4677501","䌧{"
"lZ^[","ьSl{771Ԓn","35.4866139","135.5469366","䌧{"
"acZ^[","ьSlac214Ԓn1","35.4896948","135.5802943","䌧{"
"Z^[","ьSl11Ԓn","35.4815923","135.4997166","䌧{"
"lVlẻƁ@ˉ","l{674Ԓn1","35.4883782","135.5516539","䌧{"
"lЉZ^[","l΃u11Ԓn1","35.4928587","135.5080041","䌧{"
"lҐZ^[@t","l΃u11Ԓn1","35.4928587","135.5080041","䌧{"
"l","ьSl12-1","35.4861034","135.5414547","䌧{"
"ly","ьSlcn1-14-1","35.4862647","135.5453428","䌧{"
"l","ьSl8-4-1","35.4843503","135.5040022","䌧{"
"lac","ьSlac123-24-2","35.491628","135.5789194","䌧{"
"Y","ьSlR1044Ԓn2","35.5179655","135.4638701","䌧{"
"","ьSl{86-16-1","35.4877977","135.5468098","䌧{"
"l}","ьSl13-7","35.4863659","135.5413778","䌧{"
"lwZHZ^[","ьSl{75-12-1","35.4890282","135.5488097","䌧{"
"l̈{","ьSl{92-1-1","35.484959","135.54421","䌧{"
"ltOEh","ьSlR44-5","35.4936276","135.5060906","䌧{"
"lB&GCmZ^[","ьSlX1-1","35.4856259","135.5994045","䌧{"
"ln̈","ьSlR13-26-6","35.4948387","135.5102068","䌧{"
"ltӂꂠh[","ьSlR13-26-1","35.4948387","135.5102068","䌧{"
"tRNs","ьSlR2-4","35.4979992","135.4986692","䌧{"
"@݁[V","ьS{82-14","35.4732413","135.6238502","䌧{"
"Ƃف`ނف@یxZ^[","ьSc6-1","35.4070516","135.6439758","䌧{"
"̂̐X","ьS42-27","35.4530397","135.5652704","䌧{"
"cȂ","ьScq17-14-2","35.400356","135.6764596","䌧{"
"ѐ}","ьSa2-1-1","35.483732","135.6118564","䌧{"
"c}","ьScv3-21-1","35.3993701","135.6813896","䌧{"
"BH","ьSc33-2-1","35.4616611","135.6073985","䌧{"
"","ьS{136-1-1","35.4814044","135.6171117","䌧{"
"c","ьScv3-41-3","35.4000145","135.6821119","䌧{"
"{wZ","ьS{80-7","35.4721385","135.6227891","䌧{"
"wZ","ьS21-22-1","35.4510871","135.5717895","䌧{"
"哇wZ","ьS哇60-6","35.5278149","135.6461564","䌧{"
"cwZ","ьScq6-1","35.4015529","135.6717072","䌧{"
"ђwZ","ьSK57-1","35.4585397","135.6151509","䌧{"
"cwZ","ьScq2-9","35.4032803","135.666377","䌧{"
"{ۈ牀","ьS{110-5","35.4767604","135.621417","䌧{"
"ۈ牀","ьSΎR20-14","35.4503955","135.5620317","䌧{"
"哇ۈ珊","ьS哇60-26","35.5281094","135.6471592","䌧{"
"cۈ牀","ьScq16-10-4","35.3989116","135.6744959","䌧{"
"Z^[","ьS{136-1-1","35.4814044","135.6171117","䌧{"
"͂܂𗬃Z^[","ьS哇90-27","35.5253901","135.6429928","䌧{"
"R𗬃Z^[","ьScv3-21-1","35.3993701","135.6813896","䌧{"
"فiZ^[j","ьS{136-1-1","35.4814044","135.6171117","䌧{"
"فiӂ邳ƌ𗬃Z^[j","ьS42-27","35.4530397","135.5652704","䌧{"
"哇","ьS哇85-27-1","35.5278538","135.6433038","䌧{"
"cفiR𗬃Z^[j","ьScv3-21-1","35.3993701","135.6813896","䌧{"
"یEÁE{݂Ȃ","ьS{92-5-1","35.474744","135.624178","䌧{"
"ӂꂠZ^[","ьS{146-10-1","35.4833628","135.6213669","䌧{"
"c","ьScv11-28","35.4012534","135.6862447","䌧{"
"cZ^[","ьSc16-41","35.409582","135.6314516","䌧{"
"Ԃ","ьS莛27-81","35.4571116","135.5968296","䌧{"
"_YHZ^[","ьScJ15-19-1","35.4116679","135.6364957","䌧{"
"YHZ^[","ьS哇90-27","35.5253901","135.6429928","䌧{"
"VC^Pۏ|{{","ьSOX7-40","35.4397607","135.5369726","䌧{"
"ԉ","ьS{153-1-2","35.482635","135.6193227","䌧{"
"_ہ[","ьS{153-26-1","35.4829545","135.6194255","䌧{"
"s̑","ьSq38-21","35.4527623","135.6009434","䌧{"
"Cތ","ьS哇21-110","35.5323424","135.6646829","䌧{"
"cό","ьScv3-42-3","35.3996229","135.682448","䌧{"
"ЎRNs","ьScIc[111-7","35.3952501","135.5854898","䌧{"
"Ƒs","ьScJ6-8","35.3596441","135.6837514","䌧{"
"vc̗Xь","ьSc3-5-1","35.3996175","135.700152","䌧{"
"܉","ьScOd47-48","35.4057249","135.6839866","䌧{"
"ыƎғJSqiZ^[","ьSc78-2","35.4076878","135.6493977","䌧{"
"^","ьSa2-1-1","35.483732","135.6118564","䌧{"
"c^","ьScOd48-29","35.4059527","135.6846865","䌧{"
"c̈","ьScq5-24","35.4026749","135.6674992","䌧{"
"cjv[","ьScq1-1-1","35.4031136","135.6652328","䌧{"
"yj","ьSa2-1-1","35.483732","135.6118564","䌧{"
"","ьScIc[111-7","35.3952501","135.5854898","䌧{"
"̕@Պ","ьScOd62-25","35.4052001","135.6864392","䌧{"
"GR^[~i","ьS{46-13","35.4686334","135.6265223","䌧{"
"̉w@݂҂","ьSC1-1-2","35.4812881","135.6280527","䌧{"
"݂҂у}[i","ьSC1-16-2","35.4813049","135.6334996","䌧{"
"ዷO","O㒆Sዷ1-1","35.549007","135.908201","䌧{"
"ዷ㒆","O㒆Sዷs20-18","35.461879","135.857186","䌧{"
"ዷ","O㒆Sዷ1-2","35.549172","135.908974","䌧{"
"ዷO","O㒆Sዷ1-1","35.548806","135.908362","䌧{"
"ዷOAƉPZ^[","O㒆Sዷ4-6-2","35.508481","135.900725","䌧{"
"Rx{ǗZ^[","O㒆Sዷc21-7-1","35.559402","135.869824","䌧{"
"ዷ㒆AƉPZ^[","O㒆SዷOc27-17","35.506933","135.870835","䌧{"
"ዷZSZ^[","O㒆Sዷe12-3-2","35.471426","135.871871","䌧{"
"F쑽ړIW{","O㒆SዷF43-37","35.44586","135.900011","䌧{"
"ዷЉZ^[","O㒆Sዷm37-8","35.462672","135.855996","䌧{"
"ؒn摽ړIC{","O㒆Sዷc1-29","35.4732","135.838001","䌧{"
"ዷOwZ","O㒆SዷkO48-10","35.549958","135.912611","䌧{"
"ዷOwZZ","O㒆Sዷ_q14-4","35.616444","135.839816","䌧{"
"ዷ㒆wZ","O㒆Sዷm55-5-1","35.460121","135.8545","䌧{"
"ዷ݂ݏwZ","O㒆Sዷ5-6-1","35.509695","135.900424","䌧{"
"ዷϏwZ","O㒆Sዷ2-43","35.535571","135.907718","䌧{"
"ዷOwZ","O㒆SዷO50-9","35.552874","135.912151","䌧{"
"ዷCRwZ","O㒆SዷCR310-9-1","35.579235","135.912317","䌧{"
"ዷ~̗wZ","O㒆Sዷc23-10-1","35.559245","135.868976","䌧{"
"ዷwZ","O㒆Sዷ_q14-4","35.616444","135.839816","䌧{"
"ዷHwZ","O㒆SዷOc26-3-1","35.506098","135.870626","䌧{"
"ዷZwZ","O㒆Sዷe7-17","35.472566","135.872421","䌧{"
"ዷF쏬wZ","O㒆SዷF43-25-1","35.445835","135.901397","䌧{"
"ዷOwZ","O㒆Sዷm49-11","35.462546","135.849239","䌧{"
"ዷ؏wZ","O㒆Sዷ15-7-1","35.476022","135.829796","䌧{"
"ዷӂꂠL","O㒆Sዷ[11-1-1","35.486003","135.876544","䌧{"
"ዷÖ","O㒆SዷkO48-50","35.550336","135.912802","䌧{"
"ዷOΘJґ̈","O㒆Sዷ1-3","35.54974","135.909253","䌧{"
"ዷORx{_L","O㒆Sዷ1-4","35.550272","135.908609","䌧{"
"ዷvԃLv","O㒆SዷkO60-20","35.544234","135.9132311","䌧{"
"ዷOv[","O㒆Sዷ1-2","35.548675","135.908995","䌧{"
"ዷ㒆v[","O㒆Sዷm40-21","35.461133","135.853825","䌧{"
"ዷ݂Ȃ_^","O㒆Sዷs8-27","35.459755","135.860322","䌧{"
"ዷ㒆̈","O㒆Sዷs13-8","35.460174","135.855861","䌧{"
"ዷOB&GCmZ^[","O㒆Sዷ4-1-3","35.509127","135.900982","䌧{"
"ዷOB&GCmZ^[","O㒆Sዷv4-53-3","35.573038","135.850129","䌧{"
"݂ݕۈ珊","O㒆Sዷ46-24","35.51307","135.900569","䌧{"
"ϕۈ珊","O㒆Sዷ16-80-4","35.534176","135.907432","䌧{"
"ۈ珊","O㒆Sዷl48-38","35.550927","135.905766","䌧{"
"CRۈ珊","O㒆Sዷ㐣1-1-67","35.584304","135.908573","䌧{"
"ۈ珊","O㒆Sዷ12-1","35.606101","135.845715","䌧{"
"Ƃ΂qۈ牀","O㒆Sዷ咹H38-36-1","35.508577","135.86713","䌧{"
"킩Εۈ牀","O㒆SዷZ37-1","35.46205","135.875182","䌧{"
"Oۈ珊","O㒆Sዷm29-27-1","35.46289","135.851739","䌧{"
"̂̂͂ȕۈ牀","O㒆Sዷʒu50-1","35.477341","135.824974","䌧{"
"ዷOیZ^[","O㒆Sዷ1-5","35.550857","135.909059","䌧{"
"pAዷ","O㒆Sዷs18-18","35.460894","135.86008","䌧{"
"ዷn敟i_{","O㒆Sዷc24-2","35.558154","135.867893","䌧{"
"ዷn敟Z^[","O㒆Sዷ40-80","35.515655","135.894947","䌧{"
"ዷ₷炬Z^[","O㒆Sዷs19-5","35.461942","135.858184","䌧{"
"ዷ֏","O㒆SዷkO64-4-61","35.548668","135.91483","䌧{"
"ዷ_","O㒆Sዷꗢ74-1-5","35.47979","135.893253","䌧{"
"ዷOόYZ^[","O㒆Sዷl122-31-1","35.559786","135.893438","䌧{"
"݂{","O㒆Sዷ1-6-1","35.55132","135.909274","䌧{"
"ዷZ","O㒆SዷV37-1-3","35.461569","135.842429","䌧{"
"ዷlGʊ","O㒆SዷF11-1-1","35.440696","135.906077","䌧{"
"ዷwl̉","O㒆Sዷ1-1","35.548806","135.908362","䌧{"
"ዷOꕶ","O㒆Sዷl122-12-1","35.559245","135.896131","䌧{"
"ዷꕶ}p[N","O㒆Sዷl122-12-1","35.559952","135.896635","䌧{"
"ዷIXFh","O㒆SዷF30-4-2","35.443027","135.901202","䌧{"
"팩qƏZ","O㒆SዷF30-3-1","35.442943","135.901566","䌧{"
"Fԏ","O㒆SዷF18-2","35.441191","135.904521","䌧{"
"ዷHZ^[","O㒆SkO12-1","35.54995","135.904753","䌧{"
"ዷ}َO","O㒆Sዷ1-2","35.549172","135.908974","䌧{"
"ዷ}كpA","O㒆Sዷs18-18","35.460894","135.86008","䌧{"
"ዷj","O㒆Sዷs20-17","35.46211","135.856778","䌧{"
"ዷvԋLO𗬉","O㒆SዷkO61-2","35.544016","135.912459","䌧{"
"ዷNی㒆a@","O㒆Sዷs19-5","35.461802","135.857883","䌧{"
"ዷόzeuԁv","O㒆SዷCR51-13","35.591175","135.867878","䌧{"
"R(L)","","35.949591","136.182136","I]sgC}bv"
"R(p(ՂLk))","","35.950859","136.182765","I]sgC}bv"
"R(`̐X)","","35.951945","136.183205","I]sgC}bv"
"R(R)","","35.950538","136.180952","I]sgC}bv"
"R(z뉀(i))","","35.950448","136.184812","I]sgC}bv"
"R(z뉀(k̒))","","35.951988","136.184546","I]sgC}bv"
"J","","35.992305","136.176606","I]sgC}bv"
"","","35.943774","136.198962","I]sgC}bv"
"_","","35.975519","136.188337","I]sgC}bv"
"Βn","","35.947867","136.173301","I]sgC}bv"
"","","35.943976","136.176689","I]sgC}bv"
"쓃","","35.959275","136.181082","I]sgC}bv"
"","","35.971373","136.165504","I]sgC}bv"
"ێRikj","","35.984685","136.180015","I]sgC}bv"
"ێRij","","35.982612","136.179105","I]sgC}bv"
"OZ","","35.970702","136.180221","I]sgC}bv"
"k2","","35.965549","136.176992","I]sgC}bv"
"I]1","","35.936141","136.178655","I]sgC}bv"
"L1","","35.94547","136.173768","I]sgC}bv"
"͒[","","35.966817","136.196178","I]sgC}bv"
"_1","","35.970935","136.196998","I]sgC}bv"
"R","","35.95851","136.277331","I]sgC}bv"
"RǗ","","35.957559","136.278787","I]sgC}bv"
"k3","","35.979272","136.175846","I]sgC}bv"
"H","","35.986556","136.190848","I]sgC}bv"
"Ђ܂","","35.940734","136.179682","I]sgC}bv"
"k1","","35.962892","136.179661","I]sgC}bv"
"g]1","","35.986858","136.173151","I]sgC}bv"
"{O","","35.935904","136.187844","I]sgC}bv"
"2","","35.960043","136.186441","I]sgC}bv"
"_2","","35.969026","136.196164","I]sgC}bv"
"Zg2","","35.939613","136.177078","I]sgC}bv"
"K1","","35.981516","136.19357","I]sgC}bv"
"͒[","","35.956574","136.199396","I]sgC}bv"
"͒[","","35.965039","136.200032","I]sgC}bv"
"gJ","","35.968629","136.216924","I]sgC}bv"
"I]s","","35.956404","136.184269","I]sgC}bv"
"z","","35.947745","136.179226","I]sgC}bv"
"ACACI]ENZ^[","","35.961537","136.187798","I]sgC}bv"
"_","","35.972469","136.183088","I]sgC}bv"
"sz[","","35.946321","136.185289","I]sgC}bv"
"̉wR","","35.949262","136.18045","I]sgC}bv"
"ZuCuI]X","䌧I]sRڂWOP","35.956471","136.175451","I]Rrj"
"t@~[}[g񒚖ړX","䌧I]sQڂRO?QW","35.963904","136.188004","I]Rrj"
"ZuCuI]k쒬PړX","䌧I]sk쒬PڂPS?QT","35.964009","136.180129","I]Rrj"
"[\I]͒[X","䌧I]s͒[PR?S?P","35.965572","136.189227","I]Rrj"
"t@~[}[gI]LX","䌧I]sL蒬RڂQQX","35.948932","136.176502","I]Rrj"
"[\I]L蒬X","䌧I]sL蒬QڂP?PT","35.947212","136.175773","I]Rrj"
"[\I]X","䌧I]sI]QڂWPR","35.939656","136.192274","I]Rrj"
"[\I]C^[X","䌧I]sI]SڂS?RR","35.94987","136.198089","I]Rrj"
"ZuCuI]C^[X","䌧I]sI]SڂU?X","35.949349","136.198689","I]Rrj"
"t@~[}[g_QړX","䌧I]s_QڂS?QT","35.97142","136.187912","I]Rrj"
"t@~[}[g_WX","䌧I]s_QڂX?RP","35.970886","136.192445","I]Rrj"
"T[NjI]X","䌧I]sI]PڂP?P","35.943165","136.194162","I]Rrj"
"TNXI]OZX","䌧I]sOZPڂPTOW","35.971776","136.17632","I]Rrj"
"[\I]V]X","䌧I]sV]PڂWPR","35.939664","136.192252","I]Rrj"
"T[NjI]cX","䌧I]scX?R?R","35.948411","136.161482","I]Rrj"
"t@~[}[gI]Ђ܂ʂX","䌧I]sI]PڂR?PP","35.936515","136.179898","I]Rrj"
"T[NjI]ێRX","䌧I]sێRPڂP?P","35.97801","136.182188","I]Rrj"
"T[NjI]{OQړX","䌧I]s{OQڂR?W","35.935317","136.189495","I]Rrj"
"T[Nj@I]qX","䌧I]sqPV|P","35.962888","136.157984","I]Rrj"
"TNXI]X","䌧I]sRQS","35.978978","136.178026","I]Rrj"
"[\I]iX","䌧I]siP?V","35.937884","136.167232","I]Rrj"
"ZuCuI]Γc㒬X","䌧I]sΓc㒬PUR?P","35.972796","136.162984","I]Rrj"
"ZuCuI]MÒX","䌧I]sMÒSڂPUPR","35.932115","136.180429","I]Rrj"
"[\I]{OX","䌧I]s{OQڂSOO","35.932081","136.189012","I]Rrj"
"[\I]_X","䌧I]s_T?SORW","35.983102","136.1856","I]Rrj"
"TNXI]~X","䌧I]s~U?T?T","35.95522","136.147459","I]Rrj"
"t@~[}[gI]쒬X","䌧I]s쒬QTVW?PP","35.94809","136.22298","I]Rrj"
"t@~[}[g͘acX","䌧I]s䴐cPQ?P?P","35.948646","136.272482","I]Rrj"
"zO","","35.906156","136.170253","S@wꗗ"
"k{","","35.910082","136.166619","S@wꗗ"
"X|[c","","35.919501","136.168212","S@wꗗ"
"Ƌv","","35.925778","136.170382","S@wꗗ"
"Th[","","35.936405","136.180515","S@wꗗ"
"I]","","35.946677","136.1818","S@wꗗ"
"R","","35.951923","136.185673","S@wꗗ"
"","","35.962416","136.183149","S@wꗗ"
"_","","35.972814","136.181736","S@wꗗ"
"H","","35.981561","136.18743","S@wꗗ"
"O\","","35.989401","136.193881","S@wꗗ"
"א̗","","35.995193","136.196533","S@wꗗ"
"","","36.006607","136.201517","S@wꗗ"
"n[j[z[","","36.013801","136.205253","S@wꗗ"
"","","36.022275","136.209446","S@wꗗ"
"][","","36.028121","136.212324","S@wꗗ"
"xO","","36.033722","136.213855","S@wꗗ"
"ԓ","","36.040689","136.215033","S@wꗗ"
"ԏ\O","","36.048522","136.216473","S@wꗗ"
"ؓclc","","36.053332","136.214915","S@wꗗ"
"","","36.058022","136.215169","S@wꗗ"
"sO","","36.063341","136.217589","S@wꗗ"
"wO","","36.061862","136.22062","S@wꗗ"
"mqZ","","36.069032","136.217959","S@wꗗ"
"c","","36.074879","136.21739","S@wꗗ"